<prezi version="2" xmlns="http://prezi.com/schema/prezi/2" xmlns:xsi="http://www.w3.org/2001/XMLSchema-instance" xsi:schemaLocation="http://prezi.com/schema/prezi/2 http://prezi.com/schema/prezi/2"><xFields><xField name="topicType"><xEnum type="TopicType" value="ChainAllowedInTopics"/></xField></xFields><aspectRatio><aspectRatio value="16:9"/></aspectRatio><background><background><layers><array><backgroundImage><depth><double value="8"/></depth><width><double value="3201"/></width><height><double value="1801"/></height><onlineAssetId><string value="4329311570"/></onlineAssetId><onlineAssetUrl><string value="http://0103.static.prezi.com.s3.amazonaws.com/media/1/5/0/2869b83da4b3d7b5028fff201eefc56a98083.png"/></onlineAssetUrl><assetSourceFilename><string value="Templates_4 Delta BG Light.png"/></assetSourceFilename><localToWorld><transform2D x="0" y="0" scale="14.373008434864103" rotation="0"/></localToWorld></backgroundImage></array></layers></background></background><documentStyle><documentStyle><fontClasses><array><fontClass><fontFamily><string value="Cabin"/></fontFamily><fontWeight><fontWeight value="bold"/></fontWeight><name><string value="head"/></name></fontClass><fontClass><fontFamily><string value="Cabin"/></fontFamily><fontStyle><fontStyle value="italic"/></fontStyle><fontWeight><fontWeight value="bold"/></fontWeight><name><string value="strong"/></name></fontClass><fontClass><fontFamily><string value="Vollkorn"/></fontFamily><name><string value="body"/></name></fontClass><fontClass><fontFamily><string value="Inconsolata"/></fontFamily><fontWeight><fontWeight value="bold"/></fontWeight><name><string value="Inconsolata_B"/></name></fontClass><fontClass><fontFamily><string value="Itim"/></fontFamily><name><string value="Itim"/></name></fontClass><fontClass><fontFamily><string value="Inconsolata"/></fontFamily><name><string value="Inconsolata"/></name></fontClass><fontClass><fontFamily><string value="Inconsolata"/></fontFamily><fontStyle><fontStyle value="italic"/></fontStyle><fontWeight><fontWeight value="bold"/></fontWeight><name><string value="Inconsolata_B_I"/></name></fontClass><fontClass><fontFamily><string value="Itim"/></fontFamily><fontStyle><fontStyle value="italic"/></fontStyle><fontWeight><fontWeight value="bold"/></fontWeight><name><string value="Itim_B_I"/></name></fontClass></array></fontClasses><fontFamilies><array><fontFamily><fontFaces><array><fontFace><fontSrc><string value="Cabin-Regular.keg"/></fontSrc></fontFace><fontFace><fontSrc><string value="Cabin-Bold.keg"/></fontSrc><fontWeight><fontWeight value="bold"/></fontWeight></fontFace><fontFace><fontSrc><string value="Cabin-Italic.keg"/></fontSrc><fontStyle><fontStyle value="italic"/></fontStyle></fontFace><fontFace><fontSrc><string value="Cabin-BoldItalic.keg"/></fontSrc><fontStyle><fontStyle value="italic"/></fontStyle><fontWeight><fontWeight value="bold"/></fontWeight></fontFace></array></fontFaces><name><string value="Cabin"/></name></fontFamily><fontFamily><fontFaces><array><fontFace><fontSrc><string value="Vollkorn-Bold.keg"/></fontSrc><fontWeight><fontWeight value="bold"/></fontWeight></fontFace><fontFace><fontSrc><string value="Vollkorn-BoldItalic.keg"/></fontSrc><fontStyle><fontStyle value="italic"/></fontStyle><fontWeight><fontWeight value="bold"/></fontWeight></fontFace><fontFace><fontSrc><string value="Vollkorn-Italic.keg"/></fontSrc><fontStyle><fontStyle value="italic"/></fontStyle></fontFace><fontFace><fontSrc><string value="Vollkorn-Regular.keg"/></fontSrc></fontFace></array></fontFaces><name><string value="Vollkorn"/></name></fontFamily><fontFamily><fontFaces><array><fontFace><fontSrc><string value="Inconsolata-Bold.keg"/></fontSrc><fontWeight><fontWeight value="bold"/></fontWeight></fontFace><fontFace><fontSrc><string value="Inconsolata-Regular.keg"/></fontSrc></fontFace></array></fontFaces><name><string value="Inconsolata"/></name></fontFamily><fontFamily><fontFaces><array><fontFace><fontSrc><string value="Itim-Regular.keg"/></fontSrc></fontFace></array></fontFaces><name><string value="Itim"/></name></fontFamily></array></fontFamilies><styleDeclarations><array><styleDeclaration><styleBlock><styleBlock><xFields><xField name="deprecatedBackgroundPaddingVertical"><xJust><xDouble value="5"/></xJust></xField><xField name="deprecatedBackgroundPaddingHorizontal"><xJust><xDouble value="5"/></xJust></xField></xFields><color><color value="#9EE8CE"/></color><backgroundAlpha><double value="0.3"/></backgroundAlpha><backgroundColor><color value="#FFFFFF"/></backgroundColor><backgroundPadding><double value="10"/></backgroundPadding><displayBackground><bool value="false"/></displayBackground><fontClass><string value="head"/></fontClass><padding><double value="1.2"/></padding></styleBlock></styleBlock><styleSelector><simpleSelector value="zText.title"/></styleSelector></styleDeclaration><styleDeclaration><styleBlock><styleBlock><xFields><xField name="deprecatedBackgroundPaddingVertical"><xJust><xDouble value="5"/></xJust></xField><xField name="deprecatedBackgroundPaddingHorizontal"><xJust><xDouble value="5"/></xJust></xField></xFields><color><color value="#FFFFFF"/></color><backgroundAlpha><double value="0.5"/></backgroundAlpha><backgroundColor><color value="#152235"/></backgroundColor><backgroundPadding><double value="10"/></backgroundPadding><displayBackground><bool value="false"/></displayBackground><fontClass><string value="strong"/></fontClass><padding><double value="1.2"/></padding></styleBlock></styleBlock><styleSelector><simpleSelector value="zText.subtitle"/></styleSelector></styleDeclaration><styleDeclaration><styleBlock><styleBlock><xFields><xField name="deprecatedBackgroundPaddingVertical"><xJust><xDouble value="5"/></xJust></xField><xField name="deprecatedBackgroundPaddingHorizontal"><xJust><xDouble value="5"/></xJust></xField></xFields><color><color value="#152235"/></color><backgroundAlpha><double value="0.3"/></backgroundAlpha><backgroundColor><color value="#152235"/></backgroundColor><backgroundPadding><double value="10"/></backgroundPadding><displayBackground><bool value="false"/></displayBackground><fontClass><string value="body"/></fontClass><padding><double value="1.2"/></padding></styleBlock></styleBlock><styleSelector><simpleSelector value="zText.body"/></styleSelector></styleDeclaration><styleDeclaration><styleBlock><styleBlock><xFields><xField name="deprecatedBackgroundPaddingVertical"><xJust><xDouble value="5"/></xJust></xField><xField name="deprecatedBackgroundPaddingHorizontal"><xJust><xDouble value="5"/></xJust></xField></xFields><color><color value="#152235"/></color><backgroundAlpha><double value="0.3"/></backgroundAlpha><backgroundColor><color value="#152235"/></backgroundColor><backgroundPadding><double value="10"/></backgroundPadding><displayBackground><bool value="false"/></displayBackground><fontClass><string value="strong"/></fontClass><padding><double value="1.2"/></padding></styleBlock></styleBlock><styleSelector><simpleSelector value="zText.subtitle_2"/></styleSelector></styleDeclaration><styleDeclaration><styleBlock><styleBlock><xFields><xField name="deprecatedBackgroundPaddingVertical"><xJust><xDouble value="5"/></xJust></xField><xField name="deprecatedBackgroundPaddingHorizontal"><xJust><xDouble value="5"/></xJust></xField></xFields><color><color value="#1EC98D"/></color><backgroundAlpha><double value="0.3"/></backgroundAlpha><backgroundColor><color value="#1EC98D"/></backgroundColor><backgroundPadding><double value="10"/></backgroundPadding><displayBackground><bool value="false"/></displayBackground><fontClass><string value="body"/></fontClass><padding><double value="1.2"/></padding></styleBlock></styleBlock><styleSelector><simpleSelector value="zText.body_2"/></styleSelector></styleDeclaration><styleDeclaration><styleBlock><styleBlock><xFields><xField name="attachPadding"><xJust><xDouble value="10"/></xJust></xField></xFields><color><color value="#1EC98D"/></color><alpha><double value="1"/></alpha><gradEndAlpha><double value="0"/></gradEndAlpha><gradEndColor><color value="#1EC98D"/></gradEndColor><gradStartAlpha><double value="1"/></gradStartAlpha><gradStartColor><color value="#1EC98D"/></gradStartColor><fillType><fillType value="solid"/></fillType><borderAlpha><double value="1"/></borderAlpha><borderColor><color value="#FFFFFF"/></borderColor><borderThickness><double value="-1"/></borderThickness><thickness><double value="7"/></thickness></styleBlock></styleBlock><styleSelector><simpleSelector value="*.line1"/></styleSelector></styleDeclaration><styleDeclaration><styleBlock><styleBlock><xFields><xField name="attachPadding"><xJust><xDouble value="10"/></xJust></xField></xFields><color><color value="#9EE8CE"/></color><alpha><double value="1"/></alpha><gradEndAlpha><double value="0"/></gradEndAlpha><gradEndColor><color value="#9EE8CE"/></gradEndColor><gradStartAlpha><double value="1"/></gradStartAlpha><gradStartColor><color value="#9EE8CE"/></gradStartColor><fillType><fillType value="solid"/></fillType><borderAlpha><double value="1"/></borderAlpha><borderColor><color value="#FFFFFF"/></borderColor><borderThickness><double value="-1"/></borderThickness><thickness><double value="7"/></thickness></styleBlock></styleBlock><styleSelector><simpleSelector value="*.line2"/></styleSelector></styleDeclaration><styleDeclaration><styleBlock><styleBlock><xFields><xField name="attachPadding"><xJust><xDouble value="10"/></xJust></xField></xFields><color><color value="#152235"/></color><alpha><double value="1"/></alpha><gradEndAlpha><double value="0"/></gradEndAlpha><gradEndColor><color value="#152235"/></gradEndColor><gradStartAlpha><double value="1"/></gradStartAlpha><gradStartColor><color value="#152235"/></gradStartColor><fillType><fillType value="solid"/></fillType><borderAlpha><double value="1"/></borderAlpha><borderColor><color value="#FFFFFF"/></borderColor><borderThickness><double value="-1"/></borderThickness><thickness><double value="7"/></thickness></styleBlock></styleBlock><styleSelector><simpleSelector value="*.line3"/></styleSelector></styleDeclaration><styleDeclaration><styleBlock><styleBlock><xFields><xField name="attachPadding"><xJust><xDouble value="10"/></xJust></xField></xFields><color><color value="#E0AC2A"/></color><alpha><double value="1"/></alpha><gradEndAlpha><double value="0"/></gradEndAlpha><gradEndColor><color value="#E0AC2A"/></gradEndColor><gradStartAlpha><double value="1"/></gradStartAlpha><gradStartColor><color value="#E0AC2A"/></gradStartColor><fillType><fillType value="solid"/></fillType><borderAlpha><double value="1"/></borderAlpha><borderColor><color value="#FFFFFF"/></borderColor><borderThickness><double value="-1"/></borderThickness><thickness><double value="7"/></thickness></styleBlock></styleBlock><styleSelector><simpleSelector value="*.line4"/></styleSelector></styleDeclaration><styleDeclaration><styleBlock><styleBlock><xFields><xField name="attachPadding"><xJust><xDouble value="10"/></xJust></xField></xFields><color><color value="#FFFFFF"/></color><alpha><double value="0.7"/></alpha><gradEndAlpha><double value="0"/></gradEndAlpha><gradEndColor><color value="#FFFFFF"/></gradEndColor><gradStartAlpha><double value="1"/></gradStartAlpha><gradStartColor><color value="#FFFFFF"/></gradStartColor><fillType><fillType value="solid"/></fillType><borderAlpha><double value="1"/></borderAlpha><borderColor><color value="#FFFFFF"/></borderColor><borderThickness><double value="-1"/></borderThickness><thickness><double value="7"/></thickness></styleBlock></styleBlock><styleSelector><simpleSelector value="*.line5"/></styleSelector></styleDeclaration><styleDeclaration><styleBlock><styleBlock><xFields><xField name="attachPadding"><xJust><xDouble value="10"/></xJust></xField></xFields><color><color value="#1EC98D"/></color><alpha><double value="1"/></alpha><gradEndAlpha><double value="1"/></gradEndAlpha><gradEndColor><color value="#1EC98D"/></gradEndColor><gradStartAlpha><double value="0.5"/></gradStartAlpha><gradStartColor><color value="#1EC98D"/></gradStartColor><fillType><fillType value="solid"/></fillType><padding><double value="0"/></padding><thickness><double value="1"/></thickness></styleBlock></styleBlock><styleSelector><simpleSelector value="*.chainLink"/></styleSelector></styleDeclaration><styleDeclaration><styleBlock><styleBlock><color><color value="#1EC98D"/></color><alpha><double value="1"/></alpha><gradEndAlpha><double value="0"/></gradEndAlpha><gradEndColor><color value="#1EC98D"/></gradEndColor><gradStartAlpha><double value="1"/></gradStartAlpha><gradStartColor><color value="#1EC98D"/></gradStartColor><fillType><fillType value="solid"/></fillType><borderAlpha><double value="1"/></borderAlpha><borderColor><color value="#FFFFFF"/></borderColor><borderThickness><double value="-1"/></borderThickness><thickness><double value="100"/></thickness></styleBlock></styleBlock><styleSelector><simpleSelector value="*.poly1"/></styleSelector></styleDeclaration><styleDeclaration><styleBlock><styleBlock><color><color value="#9EE8CE"/></color><alpha><double value="1"/></alpha><gradEndAlpha><double value="0"/></gradEndAlpha><gradEndColor><color value="#9EE8CE"/></gradEndColor><gradStartAlpha><double value="1"/></gradStartAlpha><gradStartColor><color value="#9EE8CE"/></gradStartColor><fillType><fillType value="solid"/></fillType><borderAlpha><double value="1"/></borderAlpha><borderColor><color value="#FFFFFF"/></borderColor><borderThickness><double value="-1"/></borderThickness><thickness><double value="100"/></thickness></styleBlock></styleBlock><styleSelector><simpleSelector value="*.poly2"/></styleSelector></styleDeclaration><styleDeclaration><styleBlock><styleBlock><color><color value="#152235"/></color><alpha><double value="1"/></alpha><gradEndAlpha><double value="0"/></gradEndAlpha><gradEndColor><color value="#152235"/></gradEndColor><gradStartAlpha><double value="1"/></gradStartAlpha><gradStartColor><color value="#152235"/></gradStartColor><fillType><fillType value="solid"/></fillType><borderAlpha><double value="1"/></borderAlpha><borderColor><color value="#FFFFFF"/></borderColor><borderThickness><double value="-1"/></borderThickness><thickness><double value="100"/></thickness></styleBlock></styleBlock><styleSelector><simpleSelector value="*.poly3"/></styleSelector></styleDeclaration><styleDeclaration><styleBlock><styleBlock><color><color value="#E0AC2A"/></color><alpha><double value="1"/></alpha><gradEndAlpha><double value="0"/></gradEndAlpha><gradEndColor><color value="#E0AC2A"/></gradEndColor><gradStartAlpha><double value="1"/></gradStartAlpha><gradStartColor><color value="#E0AC2A"/></gradStartColor><fillType><fillType value="solid"/></fillType><borderAlpha><double value="1"/></borderAlpha><borderColor><color value="#FFFFFF"/></borderColor><borderThickness><double value="-1"/></borderThickness><thickness><double value="100"/></thickness></styleBlock></styleBlock><styleSelector><simpleSelector value="*.poly4"/></styleSelector></styleDeclaration><styleDeclaration><styleBlock><styleBlock><color><color value="#FFFFFF"/></color><alpha><double value="0.7"/></alpha><gradEndAlpha><double value="0"/></gradEndAlpha><gradEndColor><color value="#FFFFFF"/></gradEndColor><gradStartAlpha><double value="1"/></gradStartAlpha><gradStartColor><color value="#FFFFFF"/></gradStartColor><fillType><fillType value="solid"/></fillType><borderAlpha><double value="1"/></borderAlpha><borderColor><color value="#FFFFFF"/></borderColor><borderThickness><double value="-1"/></borderThickness><thickness><double value="100"/></thickness></styleBlock></styleBlock><styleSelector><simpleSelector value="*.poly5"/></styleSelector></styleDeclaration><styleDeclaration><styleBlock><styleBlock><color><color value="#1EC98D"/></color><alpha><double value="1"/></alpha><gradEndAlpha><double value="0"/></gradEndAlpha><gradEndColor><color value="#1EC98D"/></gradEndColor><gradStartAlpha><double value="1"/></gradStartAlpha><gradStartColor><color value="#1EC98D"/></gradStartColor><fillType><fillType value="solid"/></fillType><borderAlpha><double value="1"/></borderAlpha><borderColor><color value="#FFFFFF"/></borderColor><borderThickness><double value="-1"/></borderThickness><padding><double value="1.03"/></padding><thickness><double value="100"/></thickness></styleBlock></styleBlock><styleSelector><simpleSelector value="*.frame1"/></styleSelector></styleDeclaration><styleDeclaration><styleBlock><styleBlock><color><color value="#1EC98D"/></color><alpha><double value="0.7"/></alpha><gradEndAlpha><double value="0"/></gradEndAlpha><gradEndColor><color value="#1EC98D"/></gradEndColor><gradStartAlpha><double value="0.7"/></gradStartAlpha><gradStartColor><color value="#1EC98D"/></gradStartColor><fillType><fillType value="solid"/></fillType><borderAlpha><double value="1"/></borderAlpha><borderColor><color value="#FFFFFF"/></borderColor><borderThickness><double value="-1"/></borderThickness><padding><double value="1.03"/></padding><thickness><double value="100"/></thickness></styleBlock></styleBlock><styleSelector><simpleSelector value="*.frame2"/></styleSelector></styleDeclaration><styleDeclaration><styleBlock><styleBlock><color><color value="#FFFFFF"/></color><alpha><double value="1"/></alpha><gradEndAlpha><double value="0"/></gradEndAlpha><gradEndColor><color value="#FFFFFF"/></gradEndColor><gradStartAlpha><double value="1"/></gradStartAlpha><gradStartColor><color value="#FFFFFF"/></gradStartColor><fillType><fillType value="solid"/></fillType><borderAlpha><double value="1"/></borderAlpha><borderColor><color value="#FFFFFF"/></borderColor><borderThickness><double value="-1"/></borderThickness><padding><double value="1.03"/></padding><thickness><double value="100"/></thickness></styleBlock></styleBlock><styleSelector><simpleSelector value="*.frame3"/></styleSelector></styleDeclaration><styleDeclaration><styleBlock><styleBlock><color><color value="#152235"/></color><gradEndColor><color value="#0E0F4A"/></gradEndColor><gradStartColor><color value="#152235"/></gradStartColor><fillType><fillType value="linear"/></fillType></styleBlock></styleBlock><styleSelector><simpleSelector value="background"/></styleSelector></styleDeclaration><styleDeclaration><styleBlock><styleBlock><alpha><double value="0"/></alpha><gradEndAlpha><double value="0"/></gradEndAlpha><gradStartAlpha><double value="0"/></gradStartAlpha></styleBlock></styleBlock><styleSelector><simpleSelector value="#E9F5DBA7205A7E4D30B5B78AC8558D6Dbaseline"/></styleSelector></styleDeclaration><styleDeclaration><styleBlock><styleBlock><alpha><double value="0"/></alpha><gradEndAlpha><double value="0"/></gradEndAlpha><gradStartAlpha><double value="0"/></gradStartAlpha></styleBlock></styleBlock><styleSelector><simpleSelector value="#F144A144D970FE95E3FFD7A200D6265Cbaseline"/></styleSelector></styleDeclaration><styleDeclaration><styleBlock><styleBlock><alpha><double value="0"/></alpha><gradEndAlpha><double value="0"/></gradEndAlpha><gradStartAlpha><double value="0"/></gradStartAlpha></styleBlock></styleBlock><styleSelector><simpleSelector value="#D4EDBB5D9D8097BB4E48D20BA2148A3Abaseline"/></styleSelector></styleDeclaration><styleDeclaration><styleBlock><styleBlock><alpha><double value="0"/></alpha><fillType><fillType value="solid"/></fillType></styleBlock></styleBlock><styleSelector><simpleSelector value="*.baseLine"/></styleSelector></styleDeclaration><styleDeclaration><styleBlock><styleBlock><fontClass><string value="Inconsolata_B"/></fontClass></styleBlock></styleBlock><styleSelector><simpleSelector value="#122211186"/></styleSelector></styleDeclaration><styleDeclaration><styleBlock><styleBlock><fontClass><string value="Itim"/></fontClass></styleBlock></styleBlock><styleSelector><simpleSelector value="#6E9032379949593788CE43AB28AEFEDC"/></styleSelector></styleDeclaration><styleDeclaration><styleBlock><styleBlock><fontClass><string value="Inconsolata"/></fontClass></styleBlock></styleBlock><styleSelector><simpleSelector value="#415914816"/></styleSelector></styleDeclaration><styleDeclaration><styleBlock><styleBlock><fontClass><string value="Inconsolata_B"/></fontClass></styleBlock></styleBlock><styleSelector><simpleSelector value="#E9F5DBA7205A7E4D30B5B78AC8558D6Dcover"/></styleSelector></styleDeclaration><styleDeclaration><styleBlock><styleBlock><fontClass><string value="Inconsolata"/></fontClass></styleBlock></styleBlock><styleSelector><simpleSelector value="#D4EDBB5D9D8097BB4E48D20BA2148A3Acover"/></styleSelector></styleDeclaration><styleDeclaration><styleBlock><styleBlock><fontClass><string value="Inconsolata_B"/></fontClass></styleBlock></styleBlock><styleSelector><simpleSelector value="#5BBC887C765DED2B3749181A161380C3cover"/></styleSelector></styleDeclaration><styleDeclaration><styleBlock><styleBlock><fontClass><string value="Inconsolata_B_I"/></fontClass></styleBlock></styleBlock><styleSelector><simpleSelector value="#F144A144D970FE95E3FFD7A200D6265Ccover"/></styleSelector></styleDeclaration><styleDeclaration><styleBlock><styleBlock><fontClass><string value="Inconsolata_B"/></fontClass></styleBlock></styleBlock><styleSelector><simpleSelector value="#E9F5DBA7205A7E4D30B5B78AC8558D6Dtitle"/></styleSelector></styleDeclaration><styleDeclaration><styleBlock><styleBlock><fontClass><string value="Inconsolata_B_I"/></fontClass></styleBlock></styleBlock><styleSelector><simpleSelector value="#DC31F8FBF820E2EB17CA042EC66F3ACFcover"/></styleSelector></styleDeclaration><styleDeclaration><styleBlock><styleBlock><fontClass><string value="Inconsolata"/></fontClass></styleBlock></styleBlock><styleSelector><simpleSelector value="#7BBDB7BCC262CE667981A1CB2DCBACF8"/></styleSelector></styleDeclaration><styleDeclaration><styleBlock><styleBlock><fontClass><string value="Inconsolata"/></fontClass></styleBlock></styleBlock><styleSelector><simpleSelector value="#D7E54242959B1CCAC9D6840A50B5220E"/></styleSelector></styleDeclaration><styleDeclaration><styleBlock><styleBlock><fontClass><string value="Inconsolata"/></fontClass></styleBlock></styleBlock><styleSelector><simpleSelector value="#34E45EEB575033925E22C0DBA0ABA0F7"/></styleSelector></styleDeclaration><styleDeclaration><styleBlock><styleBlock><fontClass><string value="Itim"/></fontClass></styleBlock></styleBlock><styleSelector><simpleSelector value="#74B6DDF8D758E638B60D4B02C8AA99FC"/></styleSelector></styleDeclaration><styleDeclaration><styleBlock><styleBlock><fontClass><string value="Itim"/></fontClass></styleBlock></styleBlock><styleSelector><simpleSelector value="#11EA8C92BCE6DCA023F257461CE35CD4"/></styleSelector></styleDeclaration><styleDeclaration><styleBlock><styleBlock><fontClass><string value="Itim"/></fontClass></styleBlock></styleBlock><styleSelector><simpleSelector value="#82D61BA0C29CEF09657B7B7BA64CC03F"/></styleSelector></styleDeclaration><styleDeclaration><styleBlock><styleBlock><fontClass><string value="Itim"/></fontClass></styleBlock></styleBlock><styleSelector><simpleSelector value="#9015594517996F0AF948DEE32DBC5679"/></styleSelector></styleDeclaration><styleDeclaration><styleBlock><styleBlock><color><color value="#1EC98D"/></color></styleBlock></styleBlock><styleSelector><simpleSelector value="#59886C0BC3EB26AFF0DCE44861812AB8"/></styleSelector></styleDeclaration><styleDeclaration><styleBlock><styleBlock><fontClass><string value="Itim"/></fontClass></styleBlock></styleBlock><styleSelector><simpleSelector value="#F144A144D970FE95E3FFD7A200D6265Ctitle"/></styleSelector></styleDeclaration><styleDeclaration><styleBlock><styleBlock><fontClass><string value="Itim"/></fontClass></styleBlock></styleBlock><styleSelector><simpleSelector value="#21D4B7BB5B2B83460D6A92AA0A6DA405"/></styleSelector></styleDeclaration><styleDeclaration><styleBlock><styleBlock><fontClass><string value="Itim"/></fontClass></styleBlock></styleBlock><styleSelector><simpleSelector value="#EF0E55F3078FB4151F705BF54F53C9DE"/></styleSelector></styleDeclaration><styleDeclaration><styleBlock><styleBlock><fontClass><string value="Itim"/></fontClass></styleBlock></styleBlock><styleSelector><simpleSelector value="#F4572F70A360A7C8F96F3E3DC23BF496"/></styleSelector></styleDeclaration><styleDeclaration><styleBlock><styleBlock><fontClass><string value="Itim"/></fontClass></styleBlock></styleBlock><styleSelector><simpleSelector value="#2E32B9C79244907D160035B41563D6FB"/></styleSelector></styleDeclaration><styleDeclaration><styleBlock><styleBlock><fontClass><string value="Itim"/></fontClass></styleBlock></styleBlock><styleSelector><simpleSelector value="#F144A144D970FE95E3FFD7A200D6265Cbody"/></styleSelector></styleDeclaration><styleDeclaration><styleBlock><styleBlock><color><color value="#158D63"/></color></styleBlock></styleBlock><styleSelector><simpleSelector value="#E5D67BE135A7A821B6A7BFC9E024F58C"/></styleSelector></styleDeclaration><styleDeclaration><styleBlock><styleBlock><fontClass><string value="Itim_B_I"/></fontClass></styleBlock></styleBlock><styleSelector><simpleSelector value="#0B182C5CE283DAAD28CD2D399042F934"/></styleSelector></styleDeclaration><styleDeclaration><styleBlock><styleBlock><fontClass><string value="Itim_B_I"/></fontClass></styleBlock></styleBlock><styleSelector><simpleSelector value="#B29196BF6E66DC6418C49FA4F734B2C8"/></styleSelector></styleDeclaration><styleDeclaration><styleBlock><styleBlock><fontClass><string value="Itim"/></fontClass></styleBlock></styleBlock><styleSelector><simpleSelector value="#947E2969D6A02DF8D81B08E3B34F2C30"/></styleSelector></styleDeclaration><styleDeclaration><styleBlock><styleBlock><fontClass><string value="Itim"/></fontClass></styleBlock></styleBlock><styleSelector><simpleSelector value="#3200CE4022BCC26012A0C41646F22F23"/></styleSelector></styleDeclaration><styleDeclaration><styleBlock><styleBlock><fontClass><string value="Itim"/></fontClass></styleBlock></styleBlock><styleSelector><simpleSelector value="#9C72667757FFD2B43F7BFB81258A19AE"/></styleSelector></styleDeclaration><styleDeclaration><styleBlock><styleBlock><fontClass><string value="Itim"/></fontClass></styleBlock></styleBlock><styleSelector><simpleSelector value="#6EA7E4FA09649A312D236460D96C1A9A"/></styleSelector></styleDeclaration><styleDeclaration><styleBlock><styleBlock><fontClass><string value="Itim"/></fontClass></styleBlock></styleBlock><styleSelector><simpleSelector value="#DD10F31B1F89B2B8011F48A0EE7A3D95"/></styleSelector></styleDeclaration><styleDeclaration><styleBlock><styleBlock><fontClass><string value="Itim"/></fontClass></styleBlock></styleBlock><styleSelector><simpleSelector value="#F0F2D3FBB94D67E1F83130111085BB1D"/></styleSelector></styleDeclaration><styleDeclaration><styleBlock><styleBlock><fontClass><string value="Itim"/></fontClass></styleBlock></styleBlock><styleSelector><simpleSelector value="#0555983ADB6C03F82FA48B4B8607C785"/></styleSelector></styleDeclaration><styleDeclaration><styleBlock><styleBlock><fontClass><string value="Itim"/></fontClass></styleBlock></styleBlock><styleSelector><simpleSelector value="#0A1E910EB77DC46E8C502CD2F76DBE66"/></styleSelector></styleDeclaration><styleDeclaration><styleBlock><styleBlock><fontClass><string value="Itim"/></fontClass></styleBlock></styleBlock><styleSelector><simpleSelector value="#1A2F1BDB0526FD26DEE9F9074C878FC6"/></styleSelector></styleDeclaration><styleDeclaration><styleBlock><styleBlock><fontClass><string value="Itim"/></fontClass></styleBlock></styleBlock><styleSelector><simpleSelector value="#DBDA234D0659B5148B335E0607096561"/></styleSelector></styleDeclaration><styleDeclaration><styleBlock><styleBlock><color><color value="#1EC98D"/></color><alpha><double value="1"/></alpha></styleBlock></styleBlock><styleSelector><simpleSelector value="#7FD3A09B2D3F9D8613187C9356727956"/></styleSelector></styleDeclaration><styleDeclaration><styleBlock><styleBlock><fontClass><string value="Itim_B_I"/></fontClass></styleBlock></styleBlock><styleSelector><simpleSelector value="#427001F4CA21DB32AD419EBADB7BC51A"/></styleSelector></styleDeclaration><styleDeclaration><styleBlock><styleBlock><fontClass><string value="Itim"/></fontClass></styleBlock></styleBlock><styleSelector><simpleSelector value="#A94374F127B62F2F49831A626CD8FEAD"/></styleSelector></styleDeclaration><styleDeclaration><styleBlock><styleBlock><fontClass><string value="Itim"/></fontClass></styleBlock></styleBlock><styleSelector><simpleSelector value="#3BAD02D4AE1CAFF768C2C1EAD1D1290B"/></styleSelector></styleDeclaration><styleDeclaration><styleBlock><styleBlock><fontClass><string value="Inconsolata_B_I"/></fontClass></styleBlock></styleBlock><styleSelector><simpleSelector value="#6A1363724782C44D21DB6F9438F46751"/></styleSelector></styleDeclaration><styleDeclaration><styleBlock><styleBlock><fontClass><string value="Itim"/></fontClass></styleBlock></styleBlock><styleSelector><simpleSelector value="#D4EDBB5D9D8097BB4E48D20BA2148A3Atitle"/></styleSelector></styleDeclaration><styleDeclaration><styleBlock><styleBlock><color><color value="#BEF0DE"/></color><alpha><double value="1"/></alpha><gradEndAlpha><double value="0"/></gradEndAlpha><gradEndColor><color value="#1EC98D"/></gradEndColor><gradStartAlpha><double value="1"/></gradStartAlpha><gradStartColor><color value="#1EC98D"/></gradStartColor><fillType><fillType value="solid"/></fillType><borderAlpha><double value="1"/></borderAlpha><borderColor><color value="#FFFFFF"/></borderColor><borderThickness><double value="-1"/></borderThickness><padding><double value="1.03"/></padding><thickness><double value="100"/></thickness></styleBlock></styleBlock><styleSelector><simpleSelector value="#9C053EB24F5DD3DE96A115946E4D7A94"/></styleSelector></styleDeclaration><styleDeclaration><styleBlock><styleBlock><xFields><xField name="deprecatedBackgroundPaddingVertical"><xJust><xDouble value="5"/></xJust></xField><xField name="deprecatedBackgroundPaddingHorizontal"><xJust><xDouble value="5"/></xJust></xField></xFields><color><color value="#FFFFFF"/></color><backgroundAlpha><double value="0.5"/></backgroundAlpha><backgroundColor><color value="#152235"/></backgroundColor><backgroundPadding><double value="10"/></backgroundPadding><displayBackground><bool value="false"/></displayBackground><fontClass><string value="Inconsolata"/></fontClass><padding><double value="1.2"/></padding></styleBlock></styleBlock><styleSelector><simpleSelector value="#74CA02B0E33192FF8A34BAF210AE310F"/></styleSelector></styleDeclaration></array></styleDeclarations></documentStyle></documentStyle><overview><overview><xFields><xField name="usesChapters"><xBool value="true"/></xField></xFields><minimumScale><transform2D x="0" y="0" scale="2000" rotation="0"/></minimumScale><smartStructure><xConstructor name="chainSmartStructure" type="smartStructure"><xField name="chainLinks"><xArray><xRef value="42426CBFC2ED849461905F4319C2F64A"/><xRef value="0942EBAB9A1BF6BB4B7CE92D54722369"/><xRef value="ED2A3BA1005A87F0B2458556AE43917A"/><xRef value="BE187C71C111CE3EC9419314CE1CCA3A"/><xRef value="279F83A78615DBB2A958D5B74938ABAC"/></xArray></xField><xField name="children"><xArray><xRef value="E9F5DBA7205A7E4D30B5B78AC8558D6D"/><xRef value="5BBC887C765DED2B3749181A161380C3"/><xRef value="F144A144D970FE95E3FFD7A200D6265C"/><xRef value="887FDE3038028168C621950E3EF6EDE6"/><xRef value="D4EDBB5D9D8097BB4E48D20BA2148A3A"/><xRef value="4EF8CE0E0B40337F51FBAD4544B7DD1E"/></xArray></xField><xField name="id"><xString value="6A959E2BD5CCD12BDD4BD1C53D8793B8"/></xField></xConstructor></smartStructure></overview></overview><path><array><flyToOverview/><flyToObject><actions><array><xConstructor name="zoomToObject" type="pathAction"><xField name="target"><xRef value="1BA0E850D96DA8E35BA6CBD738671E39"/></xField></xConstructor></array></actions><target><ref value="E9F5DBA7205A7E4D30B5B78AC8558D6D"/></target></flyToObject><flyToObject><target><ref value="1AEE26017F8DABD716122A304E622217"/></target></flyToObject><flyToOverview/><flyToObject><actions><array><xConstructor name="fadeInObjects" type="pathAction"><xField name="targets"><xArray><xRef value="159CC6865B66A4F5A5D596E8039AB3D3"/><xRef value="2E32B9C79244907D160035B41563D6FB"/><xRef value="4F9F7DA5D80795E4CE92A62962E86A24"/><xRef value="C73A04948E3BE8FE826EB398CE415D29"/><xRef value="EF0E55F3078FB4151F705BF54F53C9DE"/><xRef value="F4572F70A360A7C8F96F3E3DC23BF496"/></xArray></xField></xConstructor><xConstructor name="zoomToObject" type="pathAction"><xField name="target"><xRef value="FDC5F5C218F223CB105C055DB8EB72FA"/></xField></xConstructor><xConstructor name="fadeInObjects" type="pathAction"><xField name="targets"><xArray><xRef value="358DE5033A0CDE2F0775EFFAB393BA69"/><xRef value="6269F459C933ABA40D567B4AACAE08F3"/><xRef value="656EB75FF9CF0CA68FAF51AEDBE99091"/><xRef value="79B19FF72A4F56DA9A76AADF8D2C9422"/><xRef value="87D77D22D0F6B85521DC26F25E65B2A7"/><xRef value="B9F547B39FCDFF6C18F53145F3745196"/><xRef value="D3F9911004B6A2415D8EBAC885F45A3B"/><xRef value="DD2D0C98E1A8EA13A5BE17A5C40054B3"/><xRef value="E1C0C866D247AA10F8830FBB91E49EB9"/></xArray></xField></xConstructor><xConstructor name="zoomToObject" type="pathAction"><xField name="target"><xRef value="1D9568625DAB6E6FAC928C9D3A3AFCFE"/></xField></xConstructor><xConstructor name="zoomToObject" type="pathAction"><xField name="target"><xRef value="2648B0E55C89852B70BB50F2E93DF1BA"/></xField></xConstructor><xConstructor name="zoomToObject" type="pathAction"><xField name="target"><xRef value="5BBC887C765DED2B3749181A161380C3"/></xField></xConstructor></array></actions><target><ref value="5BBC887C765DED2B3749181A161380C3"/></target></flyToObject><flyToOverview/><flyToObject><actions><array><fadeInObject><target><ref value="F144A144D970FE95E3FFD7A200D6265Cbody"/></target></fadeInObject><xConstructor name="zoomToObject" type="pathAction"><xField name="target"><xRef value="709C789438A41CE10C9A65957AD4E733"/></xField></xConstructor><xConstructor name="fadeInObjects" type="pathAction"><xField name="targets"><xArray><xRef value="1A2F1BDB0526FD26DEE9F9074C878FC6"/><xRef value="6EA7E4FA09649A312D236460D96C1A9A"/><xRef value="8AD57851FBC4D0D726CA71E7BC62443C"/><xRef value="9C72667757FFD2B43F7BFB81258A19AE"/><xRef value="AACC87DC992C3BB753084B592EA7F358"/><xRef value="C5EF4CA9BEC11288BAAD4CBC05C19431"/><xRef value="DBDA234D0659B5148B335E0607096561"/><xRef value="DD10F31B1F89B2B8011F48A0EE7A3D95"/><xRef value="F0F2D3FBB94D67E1F83130111085BB1D"/></xArray></xField></xConstructor><xConstructor name="zoomToObject" type="pathAction"><xField name="target"><xRef value="C06FE0CA585CCAF70748CEB6D16AAA15"/></xField></xConstructor><xConstructor name="zoomToObject" type="pathAction"><xField name="target"><xRef value="CD6AA3C0FD2BEF0A53124015CA0C5E8A"/></xField></xConstructor><xConstructor name="zoomToObject" type="pathAction"><xField name="target"><xRef value="F144A144D970FE95E3FFD7A200D6265C"/></xField></xConstructor></array></actions><target><ref value="F144A144D970FE95E3FFD7A200D6265C"/></target></flyToObject><flyToOverview/><flyToObject><xFields><xField name="startPointToken"><xNothing/></xField></xFields><target><ref value="57DB51F4EA1A98D7F64ABD2A04C1438B"/></target></flyToObject><flyToOverview/><flyToObject><target><ref value="D4EDBB5D9D8097BB4E48D20BA2148A3A"/></target></flyToObject><flyToOverview/><flyToObject><target><ref value="4EF8CE0E0B40337F51FBAD4544B7DD1E"/></target></flyToObject><flyToOverview/></array></path><templateInfo><templateInfo><baseId><string value="arch_-_dark:arch_-_dark_default"/></baseId><themeId><string value="not-used"/></themeId></templateInfo></templateInfo><zObjects><array><zText><id><string value="415914816"/></id><text><text><width>263.9657824431015</width><p><span style="normal" weight="normal"><![CDATA[Raleigh, NC]]></span></p></text></text><localToWorld><transform2D x="-10664.566924885425" y="-3111.417238644149" scale="24.341819843461064" rotation="0"/></localToWorld><styleClasses><array><token value="subtitle"/></array></styleClasses></zText><zText><id><string value="122211186"/></id><text><text><width>148.17334396860133</width><p><span weight="normal"><![CDATA[Introductory Meet-up]]></span></p></text></text><localToWorld><transform2D x="-9129.884602056745" y="-6186.3821780129965" scale="64.49382152132117" rotation="0"/></localToWorld><styleClasses><array><token value="title"/></array></styleClasses></zText><zLine><id><string value="42426CBFC2ED849461905F4319C2F64A"/></id><connectorTail><connectorEnd><target><ref value="E9F5DBA7205A7E4D30B5B78AC8558D6D"/></target></connectorEnd></connectorTail><connectorHead><connectorEnd><target><ref value="5BBC887C765DED2B3749181A161380C3"/></target></connectorEnd></connectorHead><startEndDistance><double value="16.237314696174515"/></startEndDistance><localToWorld><transform2D x="-7065.419622366138" y="5194.899653983284" scale="127.79396201246382" rotation="8.766083969925505e-16"/></localToWorld><styleClasses><array><token value="chainLink"/></array></styleClasses></zLine><zLine><id><string value="0942EBAB9A1BF6BB4B7CE92D54722369"/></id><connectorTail><connectorEnd><target><ref value="5BBC887C765DED2B3749181A161380C3"/></target></connectorEnd></connectorTail><connectorHead><connectorEnd><target><ref value="F144A144D970FE95E3FFD7A200D6265C"/></target></connectorEnd></connectorHead><startEndDistance><double value="13.335520472872973"/></startEndDistance><localToWorld><transform2D x="-4107.379290480303" y="2430.688140195272" scale="127.79396201246382" rotation="-1.5677574355143564"/></localToWorld><styleClasses><array><token value="chainLink"/></array></styleClasses></zLine><zLine><xFields><xField name="degenerateInvisible"><xBool value="false"/></xField></xFields><id><string value="ED2A3BA1005A87F0B2458556AE43917A"/></id><connectorTail><connectorEnd><target><ref value="F144A144D970FE95E3FFD7A200D6265C"/></target></connectorEnd></connectorTail><connectorHead><connectorEnd><target><ref value="887FDE3038028168C621950E3EF6EDE6"/></target></connectorEnd></connectorHead><startEndDistance><double value="12.072423678842354"/></startEndDistance><localToWorld><transform2D x="-1415.462920821971" y="-333.5233735927403" scale="127.79396201246382" rotation="-7.368946154647603e-17"/></localToWorld><styleClasses><array><token value="chainLink"/></array></styleClasses></zLine><zLine><xFields><xField name="degenerateInvisible"><xBool value="false"/></xField></xFields><id><string value="BE187C71C111CE3EC9419314CE1CCA3A"/></id><connectorTail><connectorEnd><target><ref value="887FDE3038028168C621950E3EF6EDE6"/></target></connectorEnd></connectorTail><connectorHead><connectorEnd><target><ref value="D4EDBB5D9D8097BB4E48D20BA2148A3A"/></target></connectorEnd></connectorHead><startEndDistance><double value="5.930135850272738"/></startEndDistance><localToWorld><transform2D x="1268.0532847114146" y="-2624.565930409204" scale="127.79396201246382" rotation="-1.5707963267948966"/></localToWorld><styleClasses><array><token value="chainLink"/></array></styleClasses></zLine><zLine><xFields><xField name="degenerateInvisible"><xBool value="false"/></xField></xFields><id><string value="279F83A78615DBB2A958D5B74938ABAC"/></id><connectorTail><connectorEnd><target><ref value="D4EDBB5D9D8097BB4E48D20BA2148A3A"/></target></connectorEnd></connectorTail><connectorHead><connectorEnd><target><ref value="4EF8CE0E0B40337F51FBAD4544B7DD1E"/></target></connectorEnd></connectorHead><startEndDistance><double value="11.992979942534797"/></startEndDistance><localToWorld><transform2D x="3946.49327533489" y="-4915.608487225665" scale="127.79396201246382" rotation="0"/></localToWorld><styleClasses><array><token value="chainLink"/></array></styleClasses></zLine><xConstructor name="zTopicContainer" type="zObject"><xField name="id"><xString value="E9F5DBA7205A7E4D30B5B78AC8558D6D"/></xField><xField name="topic"><xConstructor type="topic" name="planetChapter"><xField name="smartStructure"><xConstructor type="smartStructure" name="linearSmartStructure"><xField name="baseline"><xJust><xRef value="E9F5DBA7205A7E4D30B5B78AC8558D6Dbaseline"/></xJust></xField><xField name="children"><xArray><xRef value="DC31F8FBF820E2EB17CA042EC66F3ACF"/></xArray></xField><xField name="id"><xString value="7BF3988FD55A54F22C77E9BAB2461979"/></xField></xConstructor></xField><xField name="topicChildren"><xArray><xRecord type="topicChild"><xField name="behaviour"><xConstructor type="topicChildBehaviour" name="content"/></xField><xField name="child"><xRef value="DC31F8FBF820E2EB17CA042EC66F3ACF"/></xField></xRecord><xRecord type="topicChild"><xField name="behaviour"><xConstructor type="topicChildBehaviour" name="content"/></xField><xField name="child"><xRef value="E9F5DBA7205A7E4D30B5B78AC8558D6Dbaseline"/></xField></xRecord><xRecord type="topicChild"><xField name="behaviour"><xConstructor type="topicChildBehaviour" name="cover"/></xField><xField name="child"><xRef value="E9F5DBA7205A7E4D30B5B78AC8558D6Dcover"/></xField></xRecord><xRecord type="topicChild"><xField name="behaviour"><xConstructor type="topicChildBehaviour" name="content"/></xField><xField name="child"><xRef value="E9F5DBA7205A7E4D30B5B78AC8558D6Dtitle"/></xField></xRecord><xRecord type="topicChild"><xField name="behaviour"><xConstructor type="topicChildBehaviour" name="visual"/></xField><xField name="child"><xRef value="DABDAE875038C4C6BF737545F56798A0"/></xField></xRecord><xRecord type="topicChild"><xField name="behaviour"><xConstructor type="topicChildBehaviour" name="content"/></xField><xField name="child"><xRef value="E1BD15296E5546F950F63F97AE713073"/></xField></xRecord><xRecord type="topicChild"><xField name="behaviour"><xConstructor type="topicChildBehaviour" name="content"/></xField><xField name="child"><xRef value="82474F5D93D905B2EA9EC56F1E83A7A1"/></xField></xRecord><xRecord type="topicChild"><xField name="behaviour"><xConstructor type="topicChildBehaviour" name="content"/></xField><xField name="child"><xRef value="1BA0E850D96DA8E35BA6CBD738671E39"/></xField></xRecord><xRecord type="topicChild"><xField name="behaviour"><xConstructor type="topicChildBehaviour" name="content"/></xField><xField name="child"><xRef value="7BBDB7BCC262CE667981A1CB2DCBACF8"/></xField></xRecord><xRecord type="topicChild"><xField name="behaviour"><xConstructor type="topicChildBehaviour" name="content"/></xField><xField name="child"><xRef value="D7E54242959B1CCAC9D6840A50B5220E"/></xField></xRecord><xRecord type="topicChild"><xField name="behaviour"><xConstructor type="topicChildBehaviour" name="content"/></xField><xField name="child"><xRef value="34E45EEB575033925E22C0DBA0ABA0F7"/></xField></xRecord></xArray></xField><xField name="position"><xConstructor type="position" name="absolute"><xField name="localToWorld"><xTransform2D x="-9947.98702416558" y="5194.8996539832815" scale="458.4890714328501" rotation="0"/></xField></xConstructor></xField></xConstructor></xField><xField name="styleClasses"><xArray><xToken value="frame3"/></xArray></xField></xConstructor><xConstructor name="zShape" type="zObject"><xField name="id"><xString value="DABDAE875038C4C6BF737545F56798A0"/></xField><xField name="shapeType"><xEnum type="ShapeType" value="oval"/></xField><xField name="width"><xDouble value="600"/></xField><xField name="height"><xDouble value="600"/></xField><xField name="localToWorld"><xTransform2D x="-10550.03281355387" y="5194.8996539832815" scale="6.877336071492752" rotation="0"/></xField><xField name="styleClasses"><xArray><xToken value="frame3"/></xArray></xField></xConstructor><zLine><id><string value="E9F5DBA7205A7E4D30B5B78AC8558D6Dbaseline"/></id><startEndDistance><double value="675.499814951862"/></startEndDistance><arcHeight><double value="-194.99999999999997"/></arcHeight><localToWorld><transform2D x="-8538.41201264224" y="5194.8996539832815" scale="6.877336071492751" rotation="1.5707963267948966"/></localToWorld></zLine><zText><id><string value="E9F5DBA7205A7E4D30B5B78AC8558D6Dcover"/></id><text><text><width>86.96190073975698</width><p align="center"><span style="normal" weight="normal"><![CDATA[School of AI]]></span></p></text></text><localToWorld><transform2D x="-10534.316428957762" y="5194.899653983278" scale="35.29293269265704" rotation="0"/></localToWorld><styleClasses><array><token value="subtitle_2"/></array></styleClasses></zText><xConstructor name="zTopicContainer" type="zObject"><xField name="id"><xString value="DC31F8FBF820E2EB17CA042EC66F3ACF"/></xField><xField name="topic"><xConstructor type="topic" name="stackChapter"><xField name="position"><xConstructor type="position" name="absolute"><xField name="localToWorld"><xTransform2D x="-7870.062418706806" y="5086.517566874324" scale="39.15480035848919" rotation="0"/></xField></xConstructor></xField><xField name="topicChildren"><xArray><xRecord type="topicChild"><xField name="behaviour"><xConstructor type="topicChildBehaviour" name="cover"/></xField><xField name="child"><xRef value="DC31F8FBF820E2EB17CA042EC66F3ACFcover"/></xField></xRecord><xRecord type="topicChild"><xField name="behaviour"><xConstructor type="topicChildBehaviour" name="content"/></xField><xField name="child"><xRef value="1AEE26017F8DABD716122A304E622217"/></xField></xRecord><xRecord type="topicChild"><xField name="behaviour"><xConstructor type="topicChildBehaviour" name="visual"/></xField><xField name="child"><xRef value="60961083E4434F53D37D344C97108036"/></xField></xRecord></xArray></xField></xConstructor></xField><xField name="styleClasses"><xArray><xToken value="frame2"/></xArray></xField></xConstructor><xConstructor name="zShape" type="zObject"><xField name="id"><xString value="60961083E4434F53D37D344C97108036"/></xField><xField name="shapeType"><xEnum type="ShapeType" value="oval"/></xField><xField name="width"><xDouble value="600"/></xField><xField name="height"><xDouble value="600"/></xField><xField name="localToWorld"><xTransform2D x="-7870.062418706806" y="5086.517566874324" scale="1.9577400179244588" rotation="0"/></xField><xField name="styleClasses"><xArray><xToken value="frame2"/></xArray></xField></xConstructor><xConstructor name="zTopicContainer" type="zObject"><xField name="id"><xString value="1AEE26017F8DABD716122A304E622217"/></xField><xField name="topic"><xConstructor type="topic" name="page"><xField name="children"><xArray><xRef value="CD8561F793F0A0C74AC84A2E7F0E36BB"/><xRef value="74B6DDF8D758E638B60D4B02C8AA99FC"/><xRef value="11EA8C92BCE6DCA023F257461CE35CD4"/><xRef value="82D61BA0C29CEF09657B7B7BA64CC03F"/><xRef value="9015594517996F0AF948DEE32DBC5679"/><xRef value="342DF19F800BA7120B7242BFAFFB6AC2"/></xArray></xField></xConstructor></xField><xField name="styleClasses"><xArray/></xField></xConstructor><zText><id><string value="DC31F8FBF820E2EB17CA042EC66F3ACFcover"/></id><text><text><width>163.41796875</width><p align="center"><span size="36"><![CDATA[Siraj Raval]]></span></p></text></text><localToWorld><transform2D x="-7866.605452754757" y="5086.517566874324" scale="5.1753408404996195" rotation="0"/></localToWorld><styleClasses><array><token value="subtitle"/></array></styleClasses></zText><zText><id><string value="E9F5DBA7205A7E4D30B5B78AC8558D6Dtitle"/></id><text><text><width>234.03323863636365</width><p><span color="527893"><![CDATA[Who are we?]]></span></p></text></text><localToWorld><transform2D x="-10518.632416726328" y="3801.700035556013" scale="11.220739158816722" rotation="0"/></localToWorld><styleClasses><array><token value="title"/></array></styleClasses></zText><xConstructor name="zTopicContainer" type="zObject"><xField name="id"><xString value="5BBC887C765DED2B3749181A161380C3"/></xField><xField name="topic"><xConstructor type="topic" name="planetChapter"><xField name="smartStructure"><xConstructor type="smartStructure" name="chainSmartStructure"><xField name="chainLinks"><xArray/></xField><xField name="children"><xArray/></xField><xField name="id"><xString value="9A4B1369313F9489E352D037909AB3A1"/></xField></xConstructor></xField><xField name="topicChildren"><xArray><xRecord type="topicChild"><xField name="behaviour"><xConstructor type="topicChildBehaviour" name="cover"/></xField><xField name="child"><xRef value="5BBC887C765DED2B3749181A161380C3cover"/></xField></xRecord><xRecord type="topicChild"><xField name="behaviour"><xConstructor type="topicChildBehaviour" name="visual"/></xField><xField name="child"><xRef value="59886C0BC3EB26AFF0DCE44861812AB8"/></xField></xRecord><xRecord type="topicChild"><xField name="behaviour"><xConstructor type="topicChildBehaviour" name="content"/></xField><xField name="child"><xRef value="21D4B7BB5B2B83460D6A92AA0A6DA405"/></xField></xRecord><xRecord type="topicChild"><xField name="behaviour"><xConstructor type="topicChildBehaviour" name="content"/></xField><xField name="child"><xRef value="159CC6865B66A4F5A5D596E8039AB3D3"/></xField></xRecord><xRecord type="topicChild"><xField name="behaviour"><xConstructor type="topicChildBehaviour" name="content"/></xField><xField name="child"><xRef value="EF0E55F3078FB4151F705BF54F53C9DE"/></xField></xRecord><xRecord type="topicChild"><xField name="behaviour"><xConstructor type="topicChildBehaviour" name="content"/></xField><xField name="child"><xRef value="FDC5F5C218F223CB105C055DB8EB72FA"/></xField></xRecord><xRecord type="topicChild"><xField name="behaviour"><xConstructor type="topicChildBehaviour" name="content"/></xField><xField name="child"><xRef value="C73A04948E3BE8FE826EB398CE415D29"/></xField></xRecord><xRecord type="topicChild"><xField name="behaviour"><xConstructor type="topicChildBehaviour" name="content"/></xField><xField name="child"><xRef value="F4572F70A360A7C8F96F3E3DC23BF496"/></xField></xRecord><xRecord type="topicChild"><xField name="behaviour"><xConstructor type="topicChildBehaviour" name="content"/></xField><xField name="child"><xRef value="1D9568625DAB6E6FAC928C9D3A3AFCFE"/></xField></xRecord><xRecord type="topicChild"><xField name="behaviour"><xConstructor type="topicChildBehaviour" name="content"/></xField><xField name="child"><xRef value="4F9F7DA5D80795E4CE92A62962E86A24"/></xField></xRecord><xRecord type="topicChild"><xField name="behaviour"><xConstructor type="topicChildBehaviour" name="content"/></xField><xField name="child"><xRef value="2E32B9C79244907D160035B41563D6FB"/></xField></xRecord><xRecord type="topicChild"><xField name="behaviour"><xConstructor type="topicChildBehaviour" name="content"/></xField><xField name="child"><xRef value="2648B0E55C89852B70BB50F2E93DF1BA"/></xField></xRecord><xRecord type="topicChild"><xField name="behaviour"><xConstructor type="topicChildBehaviour" name="content"/></xField><xField name="child"><xRef value="87D77D22D0F6B85521DC26F25E65B2A7"/></xField></xRecord><xRecord type="topicChild"><xField name="behaviour"><xConstructor type="topicChildBehaviour" name="content"/></xField><xField name="child"><xRef value="B9F547B39FCDFF6C18F53145F3745196"/></xField></xRecord><xRecord type="topicChild"><xField name="behaviour"><xConstructor type="topicChildBehaviour" name="content"/></xField><xField name="child"><xRef value="E1C0C866D247AA10F8830FBB91E49EB9"/></xField></xRecord><xRecord type="topicChild"><xField name="behaviour"><xConstructor type="topicChildBehaviour" name="content"/></xField><xField name="child"><xRef value="656EB75FF9CF0CA68FAF51AEDBE99091"/></xField></xRecord><xRecord type="topicChild"><xField name="behaviour"><xConstructor type="topicChildBehaviour" name="content"/></xField><xField name="child"><xRef value="358DE5033A0CDE2F0775EFFAB393BA69"/></xField></xRecord><xRecord type="topicChild"><xField name="behaviour"><xConstructor type="topicChildBehaviour" name="content"/></xField><xField name="child"><xRef value="DD2D0C98E1A8EA13A5BE17A5C40054B3"/></xField></xRecord><xRecord type="topicChild"><xField name="behaviour"><xConstructor type="topicChildBehaviour" name="content"/></xField><xField name="child"><xRef value="79B19FF72A4F56DA9A76AADF8D2C9422"/></xField></xRecord><xRecord type="topicChild"><xField name="behaviour"><xConstructor type="topicChildBehaviour" name="content"/></xField><xField name="child"><xRef value="6269F459C933ABA40D567B4AACAE08F3"/></xField></xRecord><xRecord type="topicChild"><xField name="behaviour"><xConstructor type="topicChildBehaviour" name="content"/></xField><xField name="child"><xRef value="D3F9911004B6A2415D8EBAC885F45A3B"/></xField></xRecord></xArray></xField><xField name="position"><xConstructor type="position" name="absolute"><xField name="localToWorld"><xTransform2D x="-3669.8397760920293" y="5194.899653983283" scale="339.60617733799563" rotation="0"/></xField></xConstructor></xField></xConstructor></xField><xField name="styleClasses"><xArray><xToken value="frame1"/></xArray></xField></xConstructor><xConstructor name="zShape" type="zObject"><xField name="id"><xString value="59886C0BC3EB26AFF0DCE44861812AB8"/></xField><xField name="shapeType"><xEnum type="ShapeType" value="oval"/></xField><xField name="width"><xDouble value="600"/></xField><xField name="height"><xDouble value="600"/></xField><xField name="localToWorld"><xTransform2D x="-4115.779454605252" y="5194.899653983284" scale="5.094092660069931" rotation="0"/></xField><xField name="styleClasses"><xArray><xToken value="frame1"/></xArray></xField></xConstructor><zText><id><string value="5BBC887C765DED2B3749181A161380C3cover"/></id><text><text><width>40.41900905934528</width><p align="center"><span size="12" weight="normal"><![CDATA[Agenda]]></span></p></text></text><localToWorld><transform2D x="-4091.267263579735" y="5194.899641827411" scale="81.7074016767879" rotation="0"/></localToWorld><styleClasses><array><token value="subtitle"/></array></styleClasses></zText><xConstructor name="zTopicContainer" type="zObject"><xField name="id"><xString value="F144A144D970FE95E3FFD7A200D6265C"/></xField><xField name="topic"><xConstructor type="topic" name="planetChapter"><xField name="smartStructure"><xConstructor type="smartStructure" name="linearSmartStructure"><xField name="baseline"><xJust><xRef value="F144A144D970FE95E3FFD7A200D6265Cbaseline"/></xJust></xField><xField name="children"><xArray/></xField><xField name="id"><xString value="D3EACDCB1021DB403EE74BC93AC4D32F"/></xField></xConstructor></xField><xField name="topicChildren"><xArray><xRecord type="topicChild"><xField name="behaviour"><xConstructor type="topicChildBehaviour" name="content"/></xField><xField name="child"><xRef value="F144A144D970FE95E3FFD7A200D6265Cbaseline"/></xField></xRecord><xRecord type="topicChild"><xField name="behaviour"><xConstructor type="topicChildBehaviour" name="cover"/></xField><xField name="child"><xRef value="F144A144D970FE95E3FFD7A200D6265Ccover"/></xField></xRecord><xRecord type="topicChild"><xField name="behaviour"><xConstructor type="topicChildBehaviour" name="content"/></xField><xField name="child"><xRef value="F144A144D970FE95E3FFD7A200D6265Cbody"/></xField></xRecord><xRecord type="topicChild"><xField name="behaviour"><xConstructor type="topicChildBehaviour" name="content"/></xField><xField name="child"><xRef value="F144A144D970FE95E3FFD7A200D6265Ctitle"/></xField></xRecord><xRecord type="topicChild"><xField name="behaviour"><xConstructor type="topicChildBehaviour" name="visual"/></xField><xField name="child"><xRef value="7D7DDE9776A6DADC0CD950067CFEAE27"/></xField></xRecord><xRecord type="topicChild"><xField name="behaviour"><xConstructor type="topicChildBehaviour" name="content"/></xField><xField name="child"><xRef value="AACC87DC992C3BB753084B592EA7F358"/></xField></xRecord><xRecord type="topicChild"><xField name="behaviour"><xConstructor type="topicChildBehaviour" name="content"/></xField><xField name="child"><xRef value="C5EF4CA9BEC11288BAAD4CBC05C19431"/></xField></xRecord><xRecord type="topicChild"><xField name="behaviour"><xConstructor type="topicChildBehaviour" name="content"/></xField><xField name="child"><xRef value="8AD57851FBC4D0D726CA71E7BC62443C"/></xField></xRecord><xRecord type="topicChild"><xField name="behaviour"><xConstructor type="topicChildBehaviour" name="content"/></xField><xField name="child"><xRef value="C06FE0CA585CCAF70748CEB6D16AAA15"/></xField></xRecord><xRecord type="topicChild"><xField name="behaviour"><xConstructor type="topicChildBehaviour" name="content"/></xField><xField name="child"><xRef value="709C789438A41CE10C9A65957AD4E733"/></xField></xRecord><xRecord type="topicChild"><xField name="behaviour"><xConstructor type="topicChildBehaviour" name="content"/></xField><xField name="child"><xRef value="CD6AA3C0FD2BEF0A53124015CA0C5E8A"/></xField></xRecord><xRecord type="topicChild"><xField name="behaviour"><xConstructor type="topicChildBehaviour" name="content"/></xField><xField name="child"><xRef value="9C72667757FFD2B43F7BFB81258A19AE"/></xField></xRecord><xRecord type="topicChild"><xField name="behaviour"><xConstructor type="topicChildBehaviour" name="content"/></xField><xField name="child"><xRef value="6EA7E4FA09649A312D236460D96C1A9A"/></xField></xRecord><xRecord type="topicChild"><xField name="behaviour"><xConstructor type="topicChildBehaviour" name="content"/></xField><xField name="child"><xRef value="DD10F31B1F89B2B8011F48A0EE7A3D95"/></xField></xRecord><xRecord type="topicChild"><xField name="behaviour"><xConstructor type="topicChildBehaviour" name="content"/></xField><xField name="child"><xRef value="F0F2D3FBB94D67E1F83130111085BB1D"/></xField></xRecord><xRecord type="topicChild"><xField name="behaviour"><xConstructor type="topicChildBehaviour" name="content"/></xField><xField name="child"><xRef value="1A2F1BDB0526FD26DEE9F9074C878FC6"/></xField></xRecord><xRecord type="topicChild"><xField name="behaviour"><xConstructor type="topicChildBehaviour" name="content"/></xField><xField name="child"><xRef value="DBDA234D0659B5148B335E0607096561"/></xField></xRecord></xArray></xField><xField name="position"><xConstructor type="position" name="absolute"><xField name="localToWorld"><xTransform2D x="-3669.8397760920257" y="-333.5233735927395" scale="339.6061773379953" rotation="0"/></xField></xConstructor></xField></xConstructor></xField><xField name="styleClasses"><xArray><xToken value="frame1"/></xArray></xField></xConstructor><xConstructor name="zShape" type="zObject"><xField name="id"><xString value="7D7DDE9776A6DADC0CD950067CFEAE27"/></xField><xField name="shapeType"><xEnum type="ShapeType" value="oval"/></xField><xField name="width"><xDouble value="600"/></xField><xField name="height"><xDouble value="600"/></xField><xField name="localToWorld"><xTransform2D x="-4098.979126355355" y="-333.5233735927402" scale="5.094092660069928" rotation="0"/></xField><xField name="styleClasses"><xArray><xToken value="frame1"/></xArray></xField></xConstructor><zLine><id><string value="F144A144D970FE95E3FFD7A200D6265Cbaseline"/></id><startEndDistance><double value="675.4998149518622"/></startEndDistance><arcHeight><double value="-194.99999999999994"/></arcHeight><localToWorld><transform2D x="-2625.7573515347976" y="-333.5233735927395" scale="5.094092660069929" rotation="1.5707963267948966"/></localToWorld></zLine><zText><id><string value="F144A144D970FE95E3FFD7A200D6265Ccover"/></id><text><text><width>74.37461199961997</width><p align="center"><span weight="normal"><![CDATA[Where?]]></span></p></text></text><localToWorld><transform2D x="-4077.3380317893157" y="-333.52338454384164" scale="36.80468627924834" rotation="0"/></localToWorld><styleClasses><array><token value="subtitle"/></array></styleClasses></zText><zText><id><string value="F144A144D970FE95E3FFD7A200D6265Ctitle"/></id><text><text><width>82.39441351211805</width><p align="center"><span><![CDATA[Where?]]></span></p></text></text><localToWorld><transform2D x="-4116.343712293381" y="-1480.3052772744325" scale="11.755700034220135" rotation="0"/></localToWorld><styleClasses><array><token value="subtitle"/></array></styleClasses></zText><zText><id><string value="F144A144D970FE95E3FFD7A200D6265Cbody"/></id><text><text><width>123.04027601795225</width><p><span color="16777215"><![CDATA[Everywhere.]]></span></p></text></text><localToWorld><transform2D x="-4099.279129975162" y="-1024.9366114773459" scale="7.525932844066183" rotation="0"/></localToWorld><styleClasses><array><token value="body"/></array></styleClasses></zText><xConstructor name="zTopicContainer" type="zObject"><xField name="id"><xString value="D4EDBB5D9D8097BB4E48D20BA2148A3A"/></xField><xField name="topic"><xConstructor type="topic" name="planetChapter"><xField name="smartStructure"><xConstructor type="smartStructure" name="linearSmartStructure"><xField name="baseline"><xJust><xRef value="D4EDBB5D9D8097BB4E48D20BA2148A3Abaseline"/></xJust></xField><xField name="children"><xArray/></xField><xField name="id"><xString value="8681878FAD34EF0777ABFBF7C845FB72"/></xField></xConstructor></xField><xField name="topicChildren"><xArray><xRecord type="topicChild"><xField name="behaviour"><xConstructor type="topicChildBehaviour" name="content"/></xField><xField name="child"><xRef value="D4EDBB5D9D8097BB4E48D20BA2148A3Abaseline"/></xField></xRecord><xRecord type="topicChild"><xField name="behaviour"><xConstructor type="topicChildBehaviour" name="cover"/></xField><xField name="child"><xRef value="D4EDBB5D9D8097BB4E48D20BA2148A3Acover"/></xField></xRecord><xRecord type="topicChild"><xField name="behaviour"><xConstructor type="topicChildBehaviour" name="content"/></xField><xField name="child"><xRef value="D4EDBB5D9D8097BB4E48D20BA2148A3Abody"/></xField></xRecord><xRecord type="topicChild"><xField name="behaviour"><xConstructor type="topicChildBehaviour" name="content"/></xField><xField name="child"><xRef value="D4EDBB5D9D8097BB4E48D20BA2148A3Atitle"/></xField></xRecord><xRecord type="topicChild"><xField name="behaviour"><xConstructor type="topicChildBehaviour" name="visual"/></xField><xField name="child"><xRef value="5388E759DF45E447F80F3B2EB03A0B5E"/></xField></xRecord></xArray></xField><xField name="position"><xConstructor type="position" name="absolute"><xField name="localToWorld"><xTransform2D x="1713.9929632246449" y="-4915.608487225661" scale="339.606177337995" rotation="0"/></xField></xConstructor></xField></xConstructor></xField><xField name="styleClasses"><xArray><xToken value="frame1"/></xArray></xField></xConstructor><xConstructor name="zShape" type="zObject"><xField name="id"><xString value="5388E759DF45E447F80F3B2EB03A0B5E"/></xField><xField name="shapeType"><xEnum type="ShapeType" value="oval"/></xField><xField name="width"><xDouble value="600"/></xField><xField name="height"><xDouble value="600"/></xField><xField name="localToWorld"><xTransform2D x="1268.0532847114146" y="-4915.608487225665" scale="5.094092660069924" rotation="0"/></xField><xField name="styleClasses"><xArray><xToken value="frame1"/></xArray></xField></xConstructor><zLine><id><string value="D4EDBB5D9D8097BB4E48D20BA2148A3Abaseline"/></id><startEndDistance><double value="675.4998149518622"/></startEndDistance><arcHeight><double value="-194.99999999999994"/></arcHeight><localToWorld><transform2D x="2758.0753877818706" y="-4915.608487225662" scale="5.09409266006993" rotation="1.5707963267948966"/></localToWorld></zLine><zText><id><string value="D4EDBB5D9D8097BB4E48D20BA2148A3Acover"/></id><text><text><width>81.69992131091541</width><p align="center"><span><![CDATA[How?]]></span></p></text></text><localToWorld><transform2D x="1273.6542749721402" y="-4915.608498798856" scale="38.89540500150144" rotation="0"/></localToWorld><styleClasses><array><token value="subtitle"/></array></styleClasses></zText><zText><id><string value="D4EDBB5D9D8097BB4E48D20BA2148A3Atitle"/></id><text><text><width>234.03323863636368</width><p><span style="normal" weight="normal"><![CDATA[Road Map]]></span></p></text></text><localToWorld><transform2D x="1326.2405283594844" y="-5701.96752281242" scale="8.311282798352588" rotation="0"/></localToWorld><styleClasses><array><token value="subtitle"/></array></styleClasses></zText><zText><id><string value="D4EDBB5D9D8097BB4E48D20BA2148A3Abody"/></id><text><text><width>437.6103896103896</width><p><span><![CDATA[Meet-up every month]]></span></p><p listType="bullet" indent="1"><span><![CDATA[Regression]]></span></p><p listType="bullet" indent="1"><span><![CDATA[Neural Networks]]></span></p><p listType="bullet" indent="1"><span><![CDATA[Convolutional Neural Networks]]></span></p><p listType="bullet" indent="2"><span><![CDATA[TensorFlow]]></span></p><p listType="bullet" indent="2"><span><![CDATA[Cloud computing]]></span></p><p listType="bullet" indent="2"><span><![CDATA[Deep Neural Networks]]></span></p><p listType="bullet" indent="2"><span><![CDATA[Image Classification]]></span></p><p listType="bullet" indent="1"><span><![CDATA[Recurrent Neural Networks]]></span></p><p listType="bullet" indent="2"><span><![CDATA[Word2Vec]]></span></p><p listType="bullet" indent="2"><span><![CDATA[Sentiment Prediction]]></span></p><p listType="bullet" indent="2"><span><![CDATA[TV script Generation]]></span></p><p listType="bullet" indent="1"><span><![CDATA[Generative Adversarial Networks]]></span></p></text></text><localToWorld><transform2D x="1336.868744056725" y="-4686.908398429313" scale="4.44485888978303" rotation="0"/></localToWorld><styleClasses><array><token value="body"/></array></styleClasses></zText><zText><id><string value="6E9032379949593788CE43AB28AEFEDC"/></id><text><text><width>258.28727272727275</width><p><span color="16512228"><![CDATA[22nd September, 2018]]></span></p></text></text><localToWorld><transform2D x="-10912.783449352642" y="-4004.281450743652" scale="22.90166978345494" rotation="0"/></localToWorld><styleClasses><array><token value="body"/></array></styleClasses></zText><zImage><id><string value="76854FBE543D864F51F5897DFE4FACDE"/></id><localToWorld><transform2D x="11268.993839835732" y="5194.899653983282" scale="4.216290212183436" rotation="0"/></localToWorld><width><double value="1800"/></width><height><double value="271"/></height><onlineAssetId><string value="5010305611"/></onlineAssetId><onlineAssetUrl><string value="http://0103.static.prezi.com.s3.amazonaws.com/media/f/8/3/afd6e6cc4572cf5ff70b34345afcc614e7c21.png"/></onlineAssetUrl><offlineAssetId><string value="0.ec097286606e8"/></offlineAssetId><assetSourceFilename><string value="Asset 3.png"/></assetSourceFilename></zImage><zImage><id><string value="7E359625B6CADD0F728A1A919932C6F1"/></id><localToWorld><transform2D x="5224.853813978252" y="5390.536814315047" scale="2.1578370978781685" rotation="0"/></localToWorld><width><double value="1684"/></width><height><double value="1800"/></height><onlineAssetId><string value="5010305986"/></onlineAssetId><onlineAssetUrl><string value="http://0103.static.prezi.com.s3.amazonaws.com/media/2/6/4/4039240614a836eace9d3816dff1d2a0fa995.png"/></onlineAssetUrl><offlineAssetId><string value="0.75ac8c440857"/></offlineAssetId><assetSourceFilename><string value="Asset 1.png"/></assetSourceFilename></zImage><zText><id><string value="D5C4CF3A0AA8FE8F3EB0FE4774535AD0"/></id><text><text><width>132.7115151515152</width><p align="center"><span color="16777215"><![CDATA[Jubeen Shah]]></span></p></text></text><localToWorld><transform2D x="11345.779619695068" y="7137.501239487536" scale="45.17453798767969" rotation="0"/></localToWorld><styleClasses><array><token value="body"/></array></styleClasses></zText><zImage><id><string value="E1BD15296E5546F950F63F97AE713073"/></id><localToWorld><transform2D x="-9698.689685136158" y="3801.7000355560126" scale="0.5731160795395007" rotation="0"/></localToWorld><width><double value="1800"/></width><height><double value="691"/></height><onlineAssetId><string value="5010308779"/></onlineAssetId><onlineAssetUrl><string value="http://0103.static.prezi.com.s3.amazonaws.com/media/3/1/8/7b02ae2bb575034ce36cb10f96277ffd34175.png"/></onlineAssetUrl><offlineAssetId><string value="0.0884488ea02b5"/></offlineAssetId><assetSourceFilename><string value="School of ai logo.png"/></assetSourceFilename></zImage><zImage><id><string value="82474F5D93D905B2EA9EC56F1E83A7A1"/></id><localToWorld><transform2D x="-10550.032813553871" y="5847.612663466276" scale="1.6878224602594694" rotation="0"/></localToWorld><width><double value="1800"/></width><height><double value="855"/></height><onlineAssetId><string value="5010309405"/></onlineAssetId><onlineAssetUrl><string value="http://0103.static.prezi.com.s3.amazonaws.com/media/9/4/4/972923ebe8fcabf6dfa9c3464ae093850c54f.png"/></onlineAssetUrl><offlineAssetId><string value="0.2aaf449f75685"/></offlineAssetId><assetSourceFilename><string value="Screen Shot 2018-09-16 at 10.20.42 AM.png"/></assetSourceFilename></zImage><xConstructor name="zZoomArea" type="zObject"><xField name="id"><xString value="1BA0E850D96DA8E35BA6CBD738671E39"/></xField><xField name="width"><xDouble value="160"/></xField><xField name="height"><xDouble value="90"/></xField><xField name="localToWorld"><xTransform2D x="-10550.032813553871" y="5847.612663466273" scale="18.98800267791904" rotation="0"/></xField></xConstructor><zText><id><string value="7BBDB7BCC262CE667981A1CB2DCBACF8"/></id><text><text><width>322.77212121212125</width><p><span><![CDATA[800+ Deans]]></span></p></text></text><localToWorld><transform2D x="-10569.045866275408" y="4279.964415711217" scale="10.666696466805307" rotation="0"/></localToWorld><styleClasses><array><token value="body"/></array></styleClasses></zText><zText><id><string value="D7E54242959B1CCAC9D6840A50B5220E"/></id><text><text><width>325.68121212121235</width><p align="right"><span><![CDATA[400+ Cities]]></span></p></text></text><localToWorld><transform2D x="-10517.025312835187" y="4279.964415711218" scale="10.666696466805318" rotation="0"/></localToWorld><styleClasses><array><token value="body"/></array></styleClasses></zText><zText><id><string value="34E45EEB575033925E22C0DBA0ABA0F7"/></id><text><text><width>362.52969696969717</width><p align="center"><span><![CDATA[80 + Countries]]></span></p></text></text><localToWorld><transform2D x="-10550.032813553868" y="4755.763724775983" scale="10.666696466805321" rotation="0"/></localToWorld><styleClasses><array><token value="body"/></array></styleClasses></zText><zImage><id><string value="CD8561F793F0A0C74AC84A2E7F0E36BB"/></id><localToWorld><transform2D x="-8035.900096141369" y="5086.517566874324" scale="0.31256751980537" rotation="0"/></localToWorld><width><double value="850"/></width><height><double value="485"/></height><onlineAssetId><string value="5010311732"/></onlineAssetId><onlineAssetUrl><string value="http://0103.static.prezi.com.s3.amazonaws.com/media/0/9/7/02c5f116e679f3992b7d65805ef84167afda8.jpg"/></onlineAssetUrl><offlineAssetId><string value="0.4c51722a797ab"/></offlineAssetId><assetSourceFilename><string value="SirajRaval.jpg"/></assetSourceFilename></zImage><zText><id><string value="74B6DDF8D758E638B60D4B02C8AA99FC"/></id><text><text><width>271.86303030303003</width><p><span color="16777215"><![CDATA[Siraj Raval]]></span></p></text></text><localToWorld><transform2D x="-7761.524734486392" y="5040.102191533043" scale="0.8900415503965755" rotation="0"/></localToWorld><styleClasses><array><token value="body"/></array></styleClasses></zText><zText><id><string value="11EA8C92BCE6DCA023F257461CE35CD4"/></id><text><text><width>271.86303030303003</width><p><span color="16777215"><![CDATA[hello@sirajraval.com]]></span></p></text></text><localToWorld><transform2D x="-7811.02945915354" y="5086.517567074714" scale="0.5253097265648666" rotation="0"/></localToWorld><styleClasses><array><token value="body"/></array></styleClasses></zText><zText><id><string value="82D61BA0C29CEF09657B7B7BA64CC03F"/></id><text><text><width>332.6530944787076</width><p><span color="16777215"><![CDATA[founder & ceo of School of AI]]></span></p></text></text><localToWorld><transform2D x="-7795.062653158546" y="5072.276902268371" scale="0.5253097265648614" rotation="0"/></localToWorld><styleClasses><array><token value="body"/></array></styleClasses></zText><zText><id><string value="9015594517996F0AF948DEE32DBC5679"/></id><text><text><width>251.01454545454627</width><p><span color="16777215"><![CDATA[youtube.com/sirajraval]]></span></p></text></text><localToWorld><transform2D x="-7816.4701400868025" y="5100.248249990034" scale="0.5215533187063638" rotation="0"/></localToWorld><styleClasses><array><token value="body"/></array></styleClasses></zText><zImage><id><string value="342DF19F800BA7120B7242BFAFFB6AC2"/></id><localToWorld><transform2D x="-7851.488110352832" y="5121.705524762492" scale="0.03344755310571348" rotation="0"/></localToWorld><width><double value="1800"/></width><height><double value="401"/></height><onlineAssetId><string value="5010315329"/></onlineAssetId><onlineAssetUrl><string value="http://0103.static.prezi.com.s3.amazonaws.com/media/9/0/e/07440c9d07745df50ba08f96f8574677455a5.png"/></onlineAssetUrl><offlineAssetId><string value="0.0b40f721ea517"/></offlineAssetId><assetSourceFilename><string value="youtube.png"/></assetSourceFilename></zImage><zText><id><string value="21D4B7BB5B2B83460D6A92AA0A6DA405"/></id><text><text><width>169.55999999999997</width><p align="center"><span color="16777215"><![CDATA[Today's Agenda]]></span></p></text></text><localToWorld><transform2D x="-4112.031706130618" y="4184.047170653641" scale="8.843982108146587" rotation="0"/></localToWorld><styleClasses><array><token value="body"/></array></styleClasses></zText><zImage><id><string value="159CC6865B66A4F5A5D596E8039AB3D3"/></id><localToWorld><transform2D x="-5189.864293890688" y="4999.24256680955" scale="1.4409743112476727" rotation="0"/></localToWorld><width><double value="512"/></width><height><double value="512"/></height><onlineAssetId><string value="5011622609"/></onlineAssetId><onlineAssetUrl><string value="http://0103.static.prezi.com.s3.amazonaws.com/media/b/3/e/94e94a2779b21bf9d85a5dc95becfec23840a.png"/></onlineAssetUrl><offlineAssetId><string value="0.112e4475d35b"/></offlineAssetId><assetSourceFilename><string value="mobile-app.png"/></assetSourceFilename></zImage><zText><id><string value="EF0E55F3078FB4151F705BF54F53C9DE"/></id><text><text><width>90.53035356809748</width><p align="center"><span color="16777215"><![CDATA[Where?]]></span></p></text></text><localToWorld><transform2D x="-5190.150753097875" y="5418.13882563748" scale="5.968096926845126" rotation="0"/></localToWorld><styleClasses><array><token value="body"/></array></styleClasses></zText><xConstructor name="zZoomArea" type="zObject"><xField name="id"><xString value="FDC5F5C218F223CB105C055DB8EB72FA"/></xField><xField name="width"><xDouble value="160"/></xField><xField name="height"><xDouble value="90"/></xField><xField name="localToWorld"><xTransform2D x="-4887.766174317957" y="4999.24256742263" scale="11.218596667137895" rotation="0"/></xField></xConstructor><zImage><id><string value="C73A04948E3BE8FE826EB398CE415D29"/></id><localToWorld><transform2D x="-3033.8681027591538" y="4999.242565145982" scale="1.440974304749355" rotation="0"/></localToWorld><width><double value="512"/></width><height><double value="512"/></height><onlineAssetId><string value="5011623315"/></onlineAssetId><onlineAssetUrl><string value="http://0103.static.prezi.com.s3.amazonaws.com/media/e/4/c/3ab61de8af770f0f199d9b70df53c2d3aa153.png"/></onlineAssetUrl><offlineAssetId><string value="0.f15c8a899b56c"/></offlineAssetId><assetSourceFilename><string value="settings.png"/></assetSourceFilename></zImage><zText><id><string value="F4572F70A360A7C8F96F3E3DC23BF496"/></id><text><text><width>90.53035356809748</width><p align="center"><span color="16777215"><![CDATA[What?]]></span></p></text></text><localToWorld><transform2D x="-3036.4463158189815" y="5418.138822084831" scale="5.968096899930957" rotation="0"/></localToWorld><styleClasses><array><token value="body"/></array></styleClasses></zText><xConstructor name="zZoomArea" type="zObject"><xField name="id"><xString value="1D9568625DAB6E6FAC928C9D3A3AFCFE"/></xField><xField name="width"><xDouble value="160"/></xField><xField name="height"><xDouble value="90"/></xField><xField name="localToWorld"><xTransform2D x="-3359.752471007745" y="4999.2425651459835" scale="11.218596616545693" rotation="0"/></xField></xConstructor><zImage><id><string value="4F9F7DA5D80795E4CE92A62962E86A24"/></id><localToWorld><transform2D x="-4115.2311773538795" y="6011.829069217349" scale="1.6224383127204873" rotation="0"/></localToWorld><width><double value="512"/></width><height><double value="512"/></height><onlineAssetId><string value="5011623811"/></onlineAssetId><onlineAssetUrl><string value="http://0103.static.prezi.com.s3.amazonaws.com/media/6/8/f/c9e1d2b56be180cdc0e9697ac18d1e53704cd.png"/></onlineAssetUrl><offlineAssetId><string value="0.5f0825c409f49"/></offlineAssetId><assetSourceFilename><string value="purpose.png"/></assetSourceFilename></zImage><zText><id><string value="2E32B9C79244907D160035B41563D6FB"/></id><text><text><width>90.53035356809748</width><p align="center"><span color="16777215"><![CDATA[How?]]></span></p></text></text><localToWorld><transform2D x="-4116.102000855903" y="6544.927458979867" scale="6.719668097177211" rotation="0"/></localToWorld><styleClasses><array><token value="body"/></array></styleClasses></zText><xConstructor name="zZoomArea" type="zObject"><xField name="id"><xString value="2648B0E55C89852B70BB50F2E93DF1BA"/></xField><xField name="width"><xDouble value="160"/></xField><xField name="height"><xDouble value="90"/></xField><xField name="localToWorld"><xTransform2D x="-4115.779454605251" y="6073.27898192322" scale="12.6313709450955" rotation="0"/></xField></xConstructor><zText><id><string value="87D77D22D0F6B85521DC26F25E65B2A7"/></id><text><text><width>272.83051477173274</width><p listType="bullet" indent="1"><span color="16777215"><![CDATA[Applications]]></span></p><p listType="bullet" indent="1"><span color="16777215"><![CDATA[Use Cases]]></span></p><p listType="bullet" indent="1"><span color="16777215"><![CDATA[Industrial Perspective]]></span></p></text></text><localToWorld><transform2D x="-4587.949420999647" y="4950.77065477027" scale="1.7225150005356513" rotation="0"/></localToWorld><styleClasses><array><token value="body"/></array></styleClasses></zText><zImage><id><string value="B9F547B39FCDFF6C18F53145F3745196"/></id><localToWorld><transform2D x="-4655.332986111892" y="5130.419867699637" scale="0.14487493040909447" rotation="0"/></localToWorld><width><double value="1800"/></width><height><double value="738"/></height><onlineAssetId><string value="5011625382"/></onlineAssetId><onlineAssetUrl><string value="http://0103.static.prezi.com.s3.amazonaws.com/media/2/7/d/cb49abe3ea3c78d13011f5f1f4bd135c558a7.png"/></onlineAssetUrl><offlineAssetId><string value="0.ea7305c713a56"/></offlineAssetId><assetSourceFilename><string value="sas.png"/></assetSourceFilename></zImage><zImage><id><string value="E1C0C866D247AA10F8830FBB91E49EB9"/></id><localToWorld><transform2D x="-4451.736767357527" y="5260.971415335821" scale="0.43923118642212455" rotation="0"/></localToWorld><width><double value="800"/></width><height><double value="234"/></height><onlineAssetId><string value="5011625432"/></onlineAssetId><onlineAssetUrl><string value="http://0103.static.prezi.com.s3.amazonaws.com/media/f/2/b/ae0305fd94bcf029ab864e28a23b1857b1deb.png"/></onlineAssetUrl><offlineAssetId><string value="0.e82ef54a2a0b4"/></offlineAssetId><assetSourceFilename><string value="Lenovo.png"/></assetSourceFilename></zImage><zText><id><string value="656EB75FF9CF0CA68FAF51AEDBE99091"/></id><text><text><width>272.83051477173274</width><p listType="bullet" indent="1"><span color="16777215"><![CDATA[Tools]]></span></p><p listType="bullet" indent="1"><span color="16777215"><![CDATA[Projects]]></span></p><p listType="bullet" indent="1"><span color="16777215"><![CDATA[Resources]]></span></p></text></text><localToWorld><transform2D x="-3675.681630083541" y="5013.288061513454" scale="2.047642261684813" rotation="0"/></localToWorld><styleClasses><array><token value="body"/></array></styleClasses></zText><zImage><id><string value="358DE5033A0CDE2F0775EFFAB393BA69"/></id><localToWorld><transform2D x="-3594.3730203577657" y="4784.899126591531" scale="0.195699252191111" rotation="0"/></localToWorld><width><double value="1800"/></width><height><double value="900"/></height><onlineAssetId><string value="5011626039"/></onlineAssetId><onlineAssetUrl><string value="http://0103.static.prezi.com.s3.amazonaws.com/media/7/2/d/3d3eb99e94697093147929818167318e8edb1.png"/></onlineAssetUrl><offlineAssetId><string value="0.2da8a5079d01b"/></offlineAssetId><assetSourceFilename><string value="Anaconda.png"/></assetSourceFilename></zImage><zImage><id><string value="DD2D0C98E1A8EA13A5BE17A5C40054B3"/></id><localToWorld><transform2D x="-3562.1370112366394" y="5372.711239830495" scale="0.17694059195878117" rotation="0"/></localToWorld><width><double value="1800"/></width><height><double value="676"/></height><onlineAssetId><string value="5011626043"/></onlineAssetId><onlineAssetUrl><string value="http://0103.static.prezi.com.s3.amazonaws.com/media/f/0/8/5babca2dfe52c9288155ad20b02a9eae70d7e.png"/></onlineAssetUrl><offlineAssetId><string value="0.daf350e90328f"/></offlineAssetId><assetSourceFilename><string value="AWS-logo.png"/></assetSourceFilename></zImage><zImage><id><string value="79B19FF72A4F56DA9A76AADF8D2C9422"/></id><localToWorld><transform2D x="-3743.4187672040225" y="5224.02832647359" scale="0.1937624270808582" rotation="0"/></localToWorld><width><double value="1800"/></width><height><double value="485"/></height><onlineAssetId><string value="5011626041"/></onlineAssetId><onlineAssetUrl><string value="http://0103.static.prezi.com.s3.amazonaws.com/media/5/3/c/43fcdb6766d0a14d1ca712e9d853a11a2a316.png"/></onlineAssetUrl><offlineAssetId><string value="0.7275bbf4338af"/></offlineAssetId><assetSourceFilename><string value="jupyter.png"/></assetSourceFilename></zImage><zImage><id><string value="6269F459C933ABA40D567B4AACAE08F3"/></id><localToWorld><transform2D x="-3831.1202721769737" y="4619.976703529772" scale="0.11394889215206404" rotation="0"/></localToWorld><width><double value="1683"/></width><height><double value="1800"/></height><onlineAssetId><string value="5011627084"/></onlineAssetId><onlineAssetUrl><string value="http://0103.static.prezi.com.s3.amazonaws.com/media/5/d/3/71a01d5e81fd9115c9e49d4470b66f41e731b.png"/></onlineAssetUrl><offlineAssetId><string value="0.31011baffdf14"/></offlineAssetId><assetSourceFilename><string value="Tensorflow_logo.png"/></assetSourceFilename></zImage><zImage><id><string value="AACC87DC992C3BB753084B592EA7F358"/></id><localToWorld><transform2D x="-4945.008897542292" y="-497.0559351695226" scale="0.4157994690985097" rotation="0"/></localToWorld><width><double value="1800"/></width><height><double value="738"/></height><onlineAssetId><string value="5011628716"/></onlineAssetId><onlineAssetUrl><string value="http://0103.static.prezi.com.s3.amazonaws.com/media/2/c/4/2c34cbbba86340963f39ae7ce0045c4518c7f.png"/></onlineAssetUrl><offlineAssetId><string value="0.9a4da0ff35db9"/></offlineAssetId><assetSourceFilename><string value="sas.png"/></assetSourceFilename></zImage><zImage><id><string value="C5EF4CA9BEC11288BAAD4CBC05C19431"/></id><localToWorld><transform2D x="-3286.5500116682083" y="-513.8806879542008" scale="1.1675662505356577" rotation="0"/></localToWorld><width><double value="800"/></width><height><double value="234"/></height><onlineAssetId><string value="5011628846"/></onlineAssetId><onlineAssetUrl><string value="http://0103.static.prezi.com.s3.amazonaws.com/media/e/3/3/3a2b24c3058e1df374a6b2837146c7bd9c707.png"/></onlineAssetUrl><offlineAssetId><string value="0.bda87cc924be2"/></offlineAssetId><assetSourceFilename><string value="Lenovo.png"/></assetSourceFilename></zImage><zImage><id><string value="D3F9911004B6A2415D8EBAC885F45A3B"/></id><localToWorld><transform2D x="-4710.735858917065" y="5372.711239830496" scale="0.22064888706910143" rotation="0"/></localToWorld><width><double value="1500"/></width><height><double value="765"/></height><onlineAssetId><string value="5011629280"/></onlineAssetId><onlineAssetUrl><string value="http://0103.static.prezi.com.s3.amazonaws.com/media/d/0/4/5333d6cbfbe8a2b632405bc4bee1a276a7b86.png"/></onlineAssetUrl><offlineAssetId><string value="0.90c6e2c01acfa"/></offlineAssetId><assetSourceFilename><string value="koanologies.png"/></assetSourceFilename></zImage><zImage><id><string value="8AD57851FBC4D0D726CA71E7BC62443C"/></id><localToWorld><transform2D x="-4098.979126355356" y="716.7452625100148" scale="0.6349621985983163" rotation="0"/></localToWorld><width><double value="1500"/></width><height><double value="765"/></height><onlineAssetId><string value="5011629734"/></onlineAssetId><onlineAssetUrl><string value="http://0103.static.prezi.com.s3.amazonaws.com/media/b/b/4/ea09080e7592d99edb0eb83d3cc49d16121ec.png"/></onlineAssetUrl><offlineAssetId><string value="0.9abe2de4f4fa3"/></offlineAssetId><assetSourceFilename><string value="koanologies.png"/></assetSourceFilename></zImage><xConstructor name="zZoomArea" type="zObject"><xField name="id"><xString value="C06FE0CA585CCAF70748CEB6D16AAA15"/></xField><xField name="width"><xDouble value="160"/></xField><xField name="height"><xDouble value="90"/></xField><xField name="localToWorld"><xTransform2D x="-4928.208569292396" y="-333.52337359273974" scale="8.737479438549201" rotation="0"/></xField></xConstructor><xConstructor name="zZoomArea" type="zObject"><xField name="id"><xString value="709C789438A41CE10C9A65957AD4E733"/></xField><xField name="width"><xDouble value="160"/></xField><xField name="height"><xDouble value="90"/></xField><xField name="localToWorld"><xTransform2D x="-3269.749683418313" y="-333.52337359273974" scale="8.737479438549197" rotation="0"/></xField></xConstructor><xConstructor name="zZoomArea" type="zObject"><xField name="id"><xString value="CD6AA3C0FD2BEF0A53124015CA0C5E8A"/></xField><xField name="width"><xDouble value="160"/></xField><xField name="height"><xDouble value="90"/></xField><xField name="localToWorld"><xTransform2D x="-4098.979126355355" y="801.5178496935246" scale="8.7374794385492" rotation="0"/></xField></xConstructor><zText><id><string value="9C72667757FFD2B43F7BFB81258A19AE"/></id><text><text><width>147.25696969696983</width><p align="center"><span color="16777215"><![CDATA[Tao Wang]]></span></p></text></text><localToWorld><transform2D x="-4945.313744063244" y="-202.7509753466841" scale="3.6290639612512177" rotation="0"/></localToWorld><styleClasses><array><token value="body"/></array></styleClasses></zText><zText><id><string value="6EA7E4FA09649A312D236460D96C1A9A"/></id><text><text><width>470.65090909090907</width><p align="center"><span color="16777215"><![CDATA[Sr. Manager of AI and ML R&D division]]></span></p></text></text><localToWorld><transform2D x="-4928.618627292654" y="-106.26075564179297" scale="1.366880099372115" rotation="0"/></localToWorld><styleClasses><array><token value="body"/></array></styleClasses></zText><zText><id><string value="DD10F31B1F89B2B8011F48A0EE7A3D95"/></id><text><text><width>147.25696969696983</width><p align="center"><span color="16777215"><![CDATA[David Ellison]]></span></p></text></text><localToWorld><transform2D x="-3287.8564660817487" y="-202.75097534668416" scale="3.629063961251209" rotation="0"/></localToWorld><styleClasses><array><token value="body"/></array></styleClasses></zText><zText><id><string value="F0F2D3FBB94D67E1F83130111085BB1D"/></id><text><text><width>470.65090909090907</width><p align="center"><span color="16777215"><![CDATA[Senior Artificial Intelligence Data Scientist]]></span></p></text></text><localToWorld><transform2D x="-3286.550011668208" y="-106.2607556417929" scale="1.3668800993721157" rotation="0"/></localToWorld><styleClasses><array><token value="body"/></array></styleClasses></zText><zText><id><string value="1A2F1BDB0526FD26DEE9F9074C878FC6"/></id><text><text><width>193.31757575757547</width><p align="center"><span color="16777215"><![CDATA[Brandon Johnson]]></span></p></text></text><localToWorld><transform2D x="-4101.461402149725" y="1015.773184191528" scale="3.6290639612512057" rotation="0"/></localToWorld><styleClasses><array><token value="body"/></array></styleClasses></zText><zText><id><string value="DBDA234D0659B5148B335E0607096561"/></id><text><text><width>470.65090909090907</width><p align="center"><span color="16777215"><![CDATA[CEO]]></span></p></text></text><localToWorld><transform2D x="-4098.979126355356" y="1126.982043722247" scale="1.3668800993721166" rotation="0"/></localToWorld><styleClasses><array><token value="body"/></array></styleClasses></zText><xConstructor name="zTopicContainer" type="zObject"><xField name="id"><xString value="887FDE3038028168C621950E3EF6EDE6"/></xField><xField name="topic"><xConstructor type="topic" name="stackChapter"><xField name="position"><xConstructor type="position" name="absolute"><xField name="localToWorld"><xTransform2D x="1268.0532847114662" y="-333.5233735926636" scale="101.88185320139947" rotation="0"/></xField></xConstructor></xField><xField name="topicChildren"><xArray><xRecord type="topicChild"><xField name="behaviour"><xConstructor type="topicChildBehaviour" name="content"/></xField><xField name="child"><xRef value="57DB51F4EA1A98D7F64ABD2A04C1438B"/></xField></xRecord><xRecord type="topicChild"><xField name="behaviour"><xConstructor type="topicChildBehaviour" name="visual"/></xField><xField name="child"><xRef value="7FD3A09B2D3F9D8613187C9356727956"/></xField></xRecord><xRecord type="topicChild"><xField name="behaviour"><xConstructor type="topicChildBehaviour" name="cover"/></xField><xField name="child"><xRef value="6A1363724782C44D21DB6F9438F46751"/></xField></xRecord></xArray></xField></xConstructor></xField><xField name="styleClasses"><xArray><xToken value="frame2"/></xArray></xField></xConstructor><xConstructor name="zShape" type="zObject"><xField name="id"><xString value="7FD3A09B2D3F9D8613187C9356727956"/></xField><xField name="shapeType"><xEnum type="ShapeType" value="oval"/></xField><xField name="width"><xDouble value="600"/></xField><xField name="height"><xDouble value="600"/></xField><xField name="localToWorld"><xTransform2D x="1268.0532847114146" y="-333.52337359273974" scale="5.094092660069931" rotation="0"/></xField><xField name="styleClasses"><xArray><xToken value="frame2"/></xArray></xField></xConstructor><xConstructor name="zTopicContainer" type="zObject"><xField name="id"><xString value="57DB51F4EA1A98D7F64ABD2A04C1438B"/></xField><xField name="topic"><xConstructor type="topic" name="page"><xField name="children"><xArray><xRef value="A94374F127B62F2F49831A626CD8FEAD"/><xRef value="427001F4CA21DB32AD419EBADB7BC51A"/><xRef value="3BAD02D4AE1CAFF768C2C1EAD1D1290B"/><xRef value="BCACFEAA96F82E1A7B839ADA02D4EF73"/><xRef value="06930452911C6E67967BA6FF41FF1D4A"/><xRef value="9D2E4B1F2263D28ACA79A83161F5F1F7"/><xRef value="8A68128143E10643C39410FA4B28B4AD"/></xArray></xField></xConstructor></xField></xConstructor><zText><id><string value="427001F4CA21DB32AD419EBADB7BC51A"/></id><text><text><width>372.7475649350649</width><p><span color="16777215"><![CDATA[Projects and Tools ]]></span></p><p><span color="16777215"><![CDATA[& Libraries]]></span></p></text></text><localToWorld><transform2D x="1569.5470519306978" y="-588.5518622960068" scale="3.9359041456265986" rotation="0"/></localToWorld><styleClasses><array><token value="subtitle"/></array></styleClasses></zText><zText><id><string value="A94374F127B62F2F49831A626CD8FEAD"/></id><text><text><width>265.41910539141236</width><p listType="bullet" indent="1"><span color="16777215"><![CDATA[Neural Networks]]></span></p><p listType="bullet" indent="1"><span color="16777215"><![CDATA[Image classification]]></span></p><p listType="bullet" indent="1"><span color="16777215"><![CDATA[TV script Generation]]></span></p><p listType="bullet" indent="1"><span color="16777215"><![CDATA[GANS]]></span></p></text></text><localToWorld><transform2D x="838.1140124171669" y="-297.4324107586531" scale="2.771765680504844" rotation="0"/></localToWorld><styleClasses><array><token value="body"/></array></styleClasses></zText><zText><id><string value="3BAD02D4AE1CAFF768C2C1EAD1D1290B"/></id><text><text><width>257.25740122701364</width><p listType="bullet" indent="1"><span color="16777215"><![CDATA[TensorFlow]]></span></p><p listType="bullet" indent="1"><span color="16777215"><![CDATA[Anaconda]]></span></p><p listType="bullet" indent="1"><span color="16777215"><![CDATA[Jupyter Notebooks]]></span></p><p listType="bullet" indent="1"><span color="16777215"><![CDATA[AWS ]]></span></p><p listType="bullet" indent="1"><span color="16777215"><![CDATA[Numpy]]></span></p><p listType="bullet" indent="1"><span color="16777215"><![CDATA[Matplotlib]]></span></p></text></text><localToWorld><transform2D x="1659.5862324576824" y="-217.60555916011663" scale="2.771765680504844" rotation="0"/></localToWorld><styleClasses><array><token value="body"/></array></styleClasses></zText><zImage><id><string value="BCACFEAA96F82E1A7B839ADA02D4EF73"/></id><localToWorld><transform2D x="694.8148337359052" y="-659.8117955192754" scale="0.26901361618256714" rotation="0"/></localToWorld><width><double value="1800"/></width><height><double value="996"/></height><onlineAssetId><string value="5010325834"/></onlineAssetId><onlineAssetUrl><string value="http://0103.static.prezi.com.s3.amazonaws.com/media/2/d/b/64561e20de73f62aa8f208b37602f27a25176.png"/></onlineAssetUrl><offlineAssetId><string value="0.bc47c957e0c3e"/></offlineAssetId><assetSourceFilename><string value="Tensorflow.png"/></assetSourceFilename></zImage><zImage><id><string value="06930452911C6E67967BA6FF41FF1D4A"/></id><localToWorld><transform2D x="1792.932272361533" y="-602.8634857829426" scale="0.2597086455858083" rotation="0"/></localToWorld><width><double value="1800"/></width><height><double value="900"/></height><onlineAssetId><string value="5010326572"/></onlineAssetId><onlineAssetUrl><string value="http://0103.static.prezi.com.s3.amazonaws.com/media/3/3/e/81803e4ed45f82e288d4756d2ca59ae1eab49.png"/></onlineAssetUrl><offlineAssetId><string value="0.2e27770141c7e"/></offlineAssetId><assetSourceFilename><string value="Anaconda.png"/></assetSourceFilename></zImage><zImage><id><string value="9D2E4B1F2263D28ACA79A83161F5F1F7"/></id><localToWorld><transform2D x="749.0679505651514" y="21.773887410457633" scale="0.2256073187459316" rotation="0"/></localToWorld><width><double value="1800"/></width><height><double value="485"/></height><onlineAssetId><string value="5010327025"/></onlineAssetId><onlineAssetUrl><string value="http://0103.static.prezi.com.s3.amazonaws.com/media/7/c/b/3172e7a9d63e6a339eb877b40ec617edcc97f.png"/></onlineAssetUrl><offlineAssetId><string value="0.d1f8430a85f4"/></offlineAssetId><assetSourceFilename><string value="jupyter.png"/></assetSourceFilename></zImage><zImage><id><string value="8A68128143E10643C39410FA4B28B4AD"/></id><localToWorld><transform2D x="1048.650317194324" y="-120.25005251427906" scale="0.27797189586630755" rotation="0"/></localToWorld><width><double value="1800"/></width><height><double value="676"/></height><onlineAssetId><string value="5010327508"/></onlineAssetId><onlineAssetUrl><string value="http://0103.static.prezi.com.s3.amazonaws.com/media/d/4/4/8794981bc4d14041f9557ee01cb0ff8f1c5a1.png"/></onlineAssetUrl><offlineAssetId><string value="0.bd09a0772afd"/></offlineAssetId><assetSourceFilename><string value="AWS-logo.png"/></assetSourceFilename></zImage><zText><id><string value="6A1363724782C44D21DB6F9438F46751"/></id><text><text><width>74.37461199961997</width><p align="center"><span weight="normal"><![CDATA[What?]]></span></p></text></text><localToWorld><transform2D x="1289.6943792775055" y="-333.5233845437654" scale="36.80468627924833" rotation="0"/></localToWorld><styleClasses><array><token value="subtitle"/></array></styleClasses></zText><xConstructor name="zTopicContainer" type="zObject"><xField name="id"><xString value="4EF8CE0E0B40337F51FBAD4544B7DD1E"/></xField><xField name="topic"><xConstructor type="topic" name="planetChapter"><xField name="smartStructure"><xConstructor type="smartStructure" name="linearSmartStructure"><xField name="baseline"><xJust><xRef value="B4739925A3062F0478AC0CDD0A3EB92E"/></xJust></xField><xField name="children"><xArray/></xField><xField name="id"><xString value="379D2236B9561BC1C9FA73A7073B6949"/></xField></xConstructor></xField><xField name="topicChildren"><xArray><xRecord type="topicChild"><xField name="behaviour"><xConstructor type="topicChildBehaviour" name="content"/></xField><xField name="child"><xRef value="B4739925A3062F0478AC0CDD0A3EB92E"/></xField></xRecord><xRecord type="topicChild"><xField name="behaviour"><xConstructor type="topicChildBehaviour" name="visual"/></xField><xField name="child"><xRef value="9C053EB24F5DD3DE96A115946E4D7A94"/></xField></xRecord><xRecord type="topicChild"><xField name="behaviour"><xConstructor type="topicChildBehaviour" name="cover"/></xField><xField name="child"><xRef value="74CA02B0E33192FF8A34BAF210AE310F"/></xField></xRecord><xRecord type="topicChild"><xField name="behaviour"><xConstructor type="topicChildBehaviour" name="content"/></xField><xField name="child"><xRef value="A1F52DFC1CC5CCA78CA91E80DC10A019"/></xField></xRecord></xArray></xField><xField name="position"><xConstructor type="position" name="absolute"><xField name="localToWorld"><xTransform2D x="7070.872944471598" y="-4915.608487225664" scale="339.60617733799495" rotation="0"/></xField></xConstructor></xField></xConstructor></xField><xField name="styleClasses"><xArray><xToken value="frame1"/></xArray></xField></xConstructor><xConstructor name="zShape" type="zObject"><xField name="id"><xString value="9C053EB24F5DD3DE96A115946E4D7A94"/></xField><xField name="shapeType"><xEnum type="ShapeType" value="oval"/></xField><xField name="width"><xDouble value="600"/></xField><xField name="height"><xDouble value="600"/></xField><xField name="localToWorld"><xTransform2D x="6624.933265958365" y="-4915.608487225665" scale="5.094092660069925" rotation="0"/></xField><xField name="styleClasses"><xArray><xToken value="frame1"/></xArray></xField></xConstructor><zLine><id><string value="B4739925A3062F0478AC0CDD0A3EB92E"/></id><startEndDistance><double value="606.7071989502306"/></startEndDistance><arcHeight><double value="-141.4561065641304"/></arcHeight><localToWorld><transform2D x="8727.838380774081" y="-4915.60848722566" scale="5.094092660069924" rotation="1.5707963267948966"/></localToWorld><styleClasses><array><token value="baseLine"/></array></styleClasses></zLine><zText><id><string value="74CA02B0E33192FF8A34BAF210AE310F"/></id><text><text><width>112.57731184090666</width><p align="center"><span color="0" size="32"><![CDATA[El Fin]]></span></p></text></text><localToWorld><transform2D x="6628.4062720610755" y="-4915.608496793892" scale="24.117822177253245" rotation="0"/></localToWorld><styleClasses><array><token value="subtitle"/></array></styleClasses></zText><zImage><id><string value="A1F52DFC1CC5CCA78CA91E80DC10A019"/></id><localToWorld><transform2D x="6624.933265958365" y="-4915.608487225664" scale="1.4757375507265766" rotation="0"/></localToWorld><width><double value="1459"/></width><height><double value="1465"/></height><onlineAssetId><string value="5012795815"/></onlineAssetId><onlineAssetUrl><string value="http://0103.static.prezi.com.s3.amazonaws.com/media/9/0/f/39a08b7f064dc520714170c1bef181840a661.png"/></onlineAssetUrl><offlineAssetId><string value="0.be130fed5ebd7"/></offlineAssetId><assetSourceFilename><string value="sms-any-type-of-message.png"/></assetSourceFilename></zImage></array></zObjects></prezi>